question,intent
기분 나쁘냐,기분나쁘니
기분 나쁘니,기분나쁘니
너 진짜 기분 나쁘냐,기분나쁘니
정말 기분 나쁘냐,기분나쁘니
기분 상하냐,기분나쁘니
기분 상했죠,기분나쁘니
기분 상했지,기분나쁘니
기분 안 좋니,기분나쁘니
네 기분 너무 안 좋지 너,기분나쁘니
너무 기분 상했죠,기분나쁘니
진짜 기분 최악,기분나쁘니
기분 최악,기분나쁘니
기분 상당히 나빴죠,기분나쁘니
기분 상당히 안 좋니,기분나쁘니
기분 정말 나쁘니,기분나쁘니
기분 너무 상하지 너,기분나쁘니
기분 나쁘니,기분나쁘니
기분 나쁘지,기분나쁘니
기분 안 좋지,기분나쁘니
기분 완전 상하냐,기분나쁘니
기분 완전 버렸니,기분나쁘니
기분 완전 나쁘지 너,기분나쁘니
기분 진짜 상했냐,기분나쁘니
너무 나쁘냐 기분,기분나쁘니
정말 나쁘냐 기분,기분나쁘니
기분 상했지 너,기분나쁘니
너무 나쁘니 기분,기분나쁘니
진짜 기분 나쁘지 너,기분나쁘니
너무 나쁘니 기분,기분나쁘니
너무 기분 나쁘니 기분,기분나쁘니
너무 나쁘니 기분,기분나쁘니
정말 나쁘니 정말 기분,기분나쁘니
진짜 나쁘니 기분,기분나쁘니
정말 나쁘니 기분,기분나쁘니
너무 기분 나쁘지 너,기분나쁘니
정말 최고 나쁘니 기분,기분나쁘니
너무 나쁘니 기분,기분나쁘니
진짜 기분 나쁘지 너,기분나쁘니
너무 최고 기분 최고 나빴죠,기분나쁘니
너무 기분 나쁘냐 기분,기분나쁘니
너무 짱 나쁘니 기분,기분나쁘니
정말 나쁘냐 정말 기분,기분나쁘니
진짜 짱 나쁘냐 기분,기분나쁘니
정말 최고 나쁘냐 기분,기분나쁘니
너무 기분 나쁘지 너,기분나쁘니
안 좋니 기분,기분나쁘니
안 좋냐 기분,기분나쁘니
기분 정말 안좋냐,기분나쁘니
안 좋냐 기분 정말,기분나쁘니
정말 최악 안 좋지,기분나쁘니
정말 기분 나쁘지,기분나쁘니
너 진짜 나쁘니 기분,기분나쁘니
기분 정말 안 좋냐,기분나쁘니
안 좋냐 기분 상하니,기분나쁘니
정말 최악 상했지,기분나쁘니
너 진짜 기분 나쁘지,기분나쁘니
너 진심 나쁘니 기분,기분나쁘니
기분 진심 안 좋냐,기분나쁘니
기분 상하니,기분나쁘니
정말 기분 나쁘세요,기분나쁘니
기분 상했나요,기분나쁘니
기분 상했나요,기분나쁘니
기분 상하셨나요,기분나쁘니
기분 안 좋으신가요,기분나쁘니
기분 안 좋으신가요,기분나쁘니
너 기분 나쁘니,기분나쁘니
네 기분 너무 안 좋으신가요,기분나쁘니
너무 기분 상했나요,기분나쁘니
진짜 기분 최악,기분나쁘니
기분 최악,기분나쁘니
기분 상당히 나쁘세요,기분나쁘니
기분 상당히 안 좋으신가요,기분나쁘니
기분 정말 나쁘지,기분나쁘니
기분 너무 상하지,기분나쁘니
기분 나쁘니,기분나쁘니
기분 나쁘지,기분나쁘니
기분 안 좋지,기분나쁘니
기분 완전 상했나요,기분나쁘니
기분 완전 버렸니,기분나쁘니
기분 완전 나쁘지,기분나쁘니
기분 상하셨나요,기분나쁘니
너무 나쁘니 기분,기분나쁘니
진짜 기분 나쁘니,기분나쁘니
너무 나쁘니 기분,기분나쁘니
너무 기분 나쁘니 기분,기분나쁘니
너무 나쁘니 기분,기분나쁘니
정말 나쁘니 정말 기분,기분나쁘니
진짜 나쁘니 기분,기분나쁘니
정말 나쁘니 기분,기분나쁘니
너무 기분 나쁘니,기분나쁘니
정말 최고 나쁘니 기분,기분나쁘니
너무 나쁘니 기분,기분나쁘니
진짜 기분 나쁘지,기분나쁘니
너무 최고 기분 최고 나쁘세요,기분나쁘니
너무 기분 나쁘세요 기분,기분나쁘니
너무 짱 나쁘니 기분,기분나쁘니
정말 나쁘세요 정말 기분,기분나쁘니
진짜 짱 나쁘세요 기분,기분나쁘니
정말 최고 나쁘세요 기분,기분나쁘니
너무 기분 나쁘지,기분나쁘니
안 좋으신가요 기분,기분나쁘니
안 좋으신가요 기분,기분나쁘니
기분 정말 안좋나요,기분나쁘니
안 좋나요 기분 정말,기분나쁘니
정말 최악 안 좋으신가요,기분나쁘니
정말 기분 나쁘니,기분나쁘니
너 진짜 나쁘니 기분,기분나쁘니
기분 정말 안 좋으신가요,기분나쁘니
안 좋나요 기분 상하니,기분나쁘니
정말 최악 상하신가요,기분나쁘니
너 진짜 기분 나쁘지,기분나쁘니
너 진심 나쁘니 기분,기분나쁘니
기분 진심 안 좋나요,기분나쁘니
기분 상하지,기분나쁘니
너무 최고 기분 최고 나쁘세요,기분나쁘니
너무 기분 나쁘세요 기분,기분나쁘니
너무 짱 나쁘니 기분,기분나쁘니
정말 나쁘세요 정말 기분,기분나쁘니
진짜 짱 나쁘세요 기분,기분나쁘니
정말 최고 나쁘세요 기분,기분나쁘니
너무 기분 나쁘지,기분나쁘니
안 좋으신가요 기분,기분나쁘니
안 좋나요 기분,기분나쁘니
기분 정말 안좋으신가요,기분나쁘니
안 좋나요 기분 정말,기분나쁘니
정말 최악 안 좋으신가요,기분나쁘니
정말 기분 나쁘니,기분나쁘니
너 진짜 나쁘니 기분,기분나쁘니
기분 정말 안 좋나요,기분나쁘니
안 좋으신가요 기분 상하니,기분나쁘니
정말 최악 상하신가요,기분나쁘니
너 진짜 기분 나쁘지,기분나쁘니
너 진심 나쁘니 기분,기분나쁘니
기분 진심 안 좋나요,기분나쁘니
기분 상하지,기분나쁘니
기분 나빠요,기분나쁨
기분 나쁘지,기분나쁨
저 진짜 기분 나빠요,기분나쁨
정말 기분 나쁘거든,기분나쁨
기분 상하지,기분나쁨
기분 상했어,기분나쁨
기분 안 좋을 때 그래,기분나쁨
기분 안 좋을 때 그래,기분나쁨
진짜 기분 나빠서,기분나쁨
나 기분 나쁘네,기분나쁨
내 기분 너무 안 좋아,기분나쁨
너무 기분 상한지,기분나쁨
진짜 기분 최악,기분나쁨
기분 최악,기분나쁨
기분 상당히 나빠요,기분나쁨
기분 상당히 안 좋지,기분나쁨
기분 정말 나쁘지,기분나쁨
기분 정말 나빠서,기분나쁨
기분 상해서,기분나쁨
기분 나빠,기분나쁨
정말 기분 나빠,기분나쁨
기분 나 나빠,기분나쁨
저 기분 나빠,기분나쁨
너무 기분 상해서 그랬어,기분나쁨
기분 너무 상하니까,기분나쁨
기분 나쁘니까,기분나쁨
기분 나쁘지 당연히,기분나쁨
당연히 기분 안 좋지,기분나쁨
기분 완전 상했어,기분나쁨
기분 완전 버렸어,기분나쁨
기분 완전 나쁘지,기분나쁨
기분 진짜 상했어,기분나쁨
너무 나쁘다 기분,기분나쁨
정말 나쁘거든 기분,기분나쁨
너무 나쁘네 기분,기분나쁨
진짜 기분 나쁘지,기분나쁨
너무 나쁘네 기분,기분나쁨
너무 기분 나쁘거든 기분,기분나쁨
너무 나쁘다 기분,기분나쁨
정말 나쁘거든 정말 기분,기분나쁨
진짜 나쁘네 기분,기분나쁨
정말 나쁠 때 그래 기분,기분나쁨
너무 기분 나쁘네,기분나쁨
정말 최고 나쁘거든 기분,기분나쁨
너무 나쁘네 기분,기분나쁨
진짜 기분 나쁘다,기분나쁨
너무 최고 기분 최고 나빠요,기분나쁨
너무 기분 나쁘거든 기분,기분나쁨
너무 짱 나쁘네 기분,기분나쁨
정말 나쁘다 정말 기분,기분나쁨
진짜 짱 나빠 기분,기분나쁨
정말 최고 나쁘거든 기분,기분나쁨
너무 기분 나쁘지,기분나쁨
안 좋지 기분,기분나쁨
안 좋다 기분,기분나쁨
기분 정말 안좋지,기분나쁨
안 좋다 기분 정말,기분나쁨
정말 최악 안 좋아,기분나쁨
정말 기분 나쁨,기분나쁨
나 진짜 나쁨 기분,기분나쁨
기분 정말 안 좋음,기분나쁨
안 좋음 기분 상함,기분나쁨
정말 최악 상함,기분나쁨
나 진짜 기분 나쁨,기분나쁨
저 진심 나쁨 기분,기분나쁨
기분 진심 안 좋음,기분나쁨
기분 상함,기분나쁨
기분 나빠요,기분나쁨
기분 나쁘네요,기분나쁨
나 진짜 기분 나빠요,기분나쁨
정말 기분 나쁘거든요,기분나쁨
기분 상하네요,기분나쁨
기분 상했어요,기분나쁨
기분 안 좋을 때 그래요,기분나쁨
기분 안 좋네요,기분나쁨
진짜 기분 나빠서요,기분나쁨
나 기분 나쁘네요,기분나쁨
내 기분 너무 안 좋아요,기분나쁨
너무 기분 상한다요,기분나쁨
진짜 기분 최악요,기분나쁨
기분 최악요,기분나쁨
기분 상당히 나빠요,기분나쁨
기분 상당히 안 좋아요,기분나쁨
기분 정말 나쁘네요,기분나쁨
기분 정말 나빠서요,기분나쁨
기분 상해서요,기분나쁨
너무 기분 상해서 그랬어요,기분나쁨
기분 너무 상하니까요,기분나쁨
기분 나쁘니까요,기분나쁨
기분 나쁘지 당연히요,기분나쁨
당연히 기분 안 좋지요,기분나쁨
기분 완전 상했어요,기분나쁨
기분 완전 버렸어요,기분나쁨
기분 완전 나쁘네요,기분나쁨
기분 진짜 상했어요,기분나쁨
너무 나쁠 때 그래 기분,기분나쁨
정말 나쁘거든 기분,기분나쁨
너무 나쁘네 기분,기분나쁨
진짜 기분 나쁘다요,기분나쁨
너무 나쁘네 기분,기분나쁨
너무 기분 나쁘거든 기분,기분나쁨
너무 나쁘다 기분,기분나쁨
정말 나쁘거든 정말 기분,기분나쁨
진짜 나쁘네 기분,기분나쁨
정말 나쁠 때 그래 기분,기분나쁨
너무 기분 나쁘네요,기분나쁨
정말 최고 나쁘거든 기분,기분나쁨
너무 나쁘네 기분,기분나쁨
진짜 기분 나쁠 때 그래요,기분나쁨
너무 최고 기분 최고 나빠요,기분나쁨
너무 기분 나쁘거든 기분,기분나쁨
너무 짱 나쁘네 기분,기분나쁨
정말 나쁘다 정말 기분,기분나쁨
진짜 짱 나빠 기분,기분나쁨
정말 최고 나쁘거든 기분,기분나쁨
너무 기분 나쁩니지,기분나쁨
안 좋을 때 그래 기분,기분나쁨
안 좋다 기분,기분나쁨
기분 정말 안좋다요,기분나쁨
안 좋다 기분 정말요,기분나쁨
정말 최악 안 좋아요,기분나쁨
정말 기분 나쁨요,기분나쁨
저 진짜 나쁨 기분,기분나쁨
기분 정말 안 좋음요,기분나쁨
안 좋음 기분 상해요,기분나쁨
정말 최악 상해요,기분나쁨
나 진짜 기분 나쁨요,기분나쁨
저 진심 나쁨 기분,기분나쁨
기분 진심 안 좋음요,기분나쁨
기분 상해요,기분나쁨
기분 완전 상했습니지 난,기분나쁨
기분 완전 버렸습니지,기분나쁨
기분 완전 나쁩니다,기분나쁨
기분 진짜 상했습니지 난,기분나쁨
너무 나쁠 때 그래 기분,기분나쁨
정말 나쁘거든 기분,기분나쁨
너무 나쁘네 기분,기분나쁨
진짜 기분 나쁘다요,기분나쁨
너무 나쁘네 기분,기분나쁨
너무 기분 나쁘거든 기분,기분나쁨
너무 나쁠 때 그래 기분,기분나쁨
기분 좋니,기분좋니
기분 좋냐,기분좋니
너 진짜 기분 좋니,기분좋니
정말 기분 좋냐,기분좋니
기분 좋냐,기분좋니
기분 좋니,기분좋니
기분 좋니,기분좋니
기분 좋냐,기분좋니
진짜 기분 좋니,기분좋니
너 기분 좋냐,기분좋니
네 기분 너무 좋니,기분좋니
기분 최고 좋니,기분좋니
너무 기분 좋냐,기분좋니
최고 기분 좋냐,기분좋니
정말 기분 너무 좋니,기분좋니
진짜 기분 최고,기분좋니
기분 최고,기분좋니
기분 상당히 좋니,기분좋니
기분 진심 좋니,기분좋니
기분 완전 좋냐,기분좋니
기분 완전 좋니,기분좋니
기분 짱 좋니,기분좋니
기분 완전 짱이니,기분좋니
기분 상당히 좋니,기분좋니
기분 정말 좋냐,기분좋니
기분 진심 좋니,기분좋니
기분 좋니,기분좋니
너무 기분 좋니,기분좋니
기분 너무 좋습니까,기분좋니
기분 좋습니까,기분좋니
기분 좋니 당연히,기분좋니
기분 좋니,기분좋니
정말 기분 너무 좋냐,기분좋니
진심 너무 좋냐 기분,기분좋니
너무 좋냐 기분,기분좋니
이렇게 기분 좋냐니,기분좋니
이렇게너 기분 좋을줄,기분좋니
정말 최고 좋냐 기분,기분좋니
진심 너무 좋냐 기분,기분좋니
진짜 좋니 기분,기분좋니
기분 진심 좋니,기분좋니
진짜 좋니 기분,기분좋니
기분 정말 좋니,기분좋니
너 정말 좋니 기분,기분좋니
기분 너 진심 좋니,기분좋니
기분 좋은가요,기분좋니
기분 좋나요,기분좋니
너 진짜 기분 좋은가요,기분좋니
정말 기분 좋나요,기분좋니
기분 좋나요,기분좋니
기분 좋은가요,기분좋니
기분 좋은가요,기분좋니
기분 좋나요,기분좋니
진짜 기분 좋은가요,기분좋니
너 기분 좋나요,기분좋니
네 기분 너무 좋은가요,기분좋니
기분 최고 좋은가요,기분좋니
너무 기분 좋나요,기분좋니
최고 기분 좋나요,기분좋니
정말 기분 너무 좋은가요,기분좋니
진짜 기분 최고,기분좋니
기분 최고,기분좋니
기분 상당히 좋은가요,기분좋니
기분 진심 좋은가요,기분좋니
기분 완전 좋나요,기분좋니
기분 완전 좋은가요,기분좋니
기분 짱 좋은가요,기분좋니
기분 완전 짱이은가요,기분좋니
기분 상당히 좋은가요,기분좋니
기분 정말 좋나요,기분좋니
기분 진심 좋은가요,기분좋니
기분 좋은가요,기분좋니
너무 기분 좋은가요,기분좋니
기분 너무 좋습니까,기분좋니
기분 좋습니까,기분좋니
기분 좋니 당연히,기분좋니
기분 좋은가요,기분좋니
정말 기분 너무 좋나요,기분좋니
진심 너무 좋냐 기분,기분좋니
너무 좋냐 기분,기분좋니
이렇게 기분 좋냐은가요,기분좋니
이렇게너 기분 좋을줄,기분좋니
정말 최고 좋냐 기분,기분좋니
진심 너무 좋냐 기분,기분좋니
진짜 좋니 기분,기분좋니
기분 진심 좋은가요,기분좋니
진짜 좋니 기분,기분좋니
기분 정말 좋은가요,기분좋니
너 정말 좋니 기분,기분좋니
기분 너 진심 좋나요,기분좋니
기분 완전 좋은가요,기분좋니
기분 짱 좋죠,기분좋니
기분 완전 짱이죠,기분좋니
기분 상당히 좋은가요,기분좋니
기분 정말 좋나요,기분좋니
기분 진심 좋죠,기분좋니
기분 좋죠,기분좋니
너무 기분 좋은가요,기분좋니
기분 너무 좋습니까,기분좋니
기분 좋습니까,기분좋니
기분 좋니 당연히,기분좋니
기분 좋죠,기분좋니
정말 기분 너무 좋나요,기분좋니
진심 너무 좋냐 기분,기분좋니
너무 좋냐 기분,기분좋니
이렇게 기분 좋냐죠,기분좋니
이렇게너 기분 좋을줄,기분좋니
정말 최고 좋냐 기분,기분좋니
진심 너무 좋냐 기분,기분좋니
진짜 좋니 기분,기분좋니
기분 진심 좋은가요,기분좋니
진짜 좋니 기분,기분좋니
기분 정말 좋죠,기분좋니
너 정말 좋니 기분,기분좋니
기분 너 진심 좋나요,기분좋니
기분 좋을 때 그래,기분좋음
기분 좋네,기분좋음
저 진짜 기분 좋아,기분좋음
정말 기분 좋다,기분좋음
기분 좋네,기분좋음
기분 좋거든,기분좋음
기분 좋죠,기분좋음
기분 좋네,기분좋음
진짜 기분 좋아서,기분좋음
나 기분 좋네,기분좋음
내 기분 너무 좋을 때 그래,기분좋음
기분 최고 좋아,기분좋음
너무 기분 좋다,기분좋음
최고 기분 좋네,기분좋음
정말 기분 너무 좋거든,기분좋음
진짜 기분 최고,기분좋음
기분 최고,기분좋음
기분 상당히 좋죠,기분좋음
기분 진심 좋아,기분좋음
기분 완전 좋네,기분좋음
기분 완전 좋을 때 그래서,기분좋음
기분 짱 좋아,기분좋음
기분 완전 짱이야,기분좋음
기분 상당히 좋아,기분좋음
기분 정말 좋네,기분좋음
기분 진심 좋거든,기분좋음
기분 좋거든,기분좋음
너무 기분 좋을 때 그래서 그랬어,기분좋음
기분 너무 좋으니까,기분좋음
기분 좋으니까,기분좋음
기분 좋지 당연히,기분좋음
당연히 기분 좋지,기분좋음
정말 기분 너무 좋다,기분좋음
기모찌,기분좋음
너무 기모찌 하네,기분좋음
기모찌하다,기분좋음
진심 너무 좋다 기분,기분좋음
너무 좋은데 기분,기분좋음
이렇게 기분 좋다니,기분좋음
이렇게나 기분 좋을줄,기분좋음
정말 최고 좋은데 기분,기분좋음
진심 너무 좋다 기분,기분좋음
진짜 좋음 기분,기분좋음
기분 진심 좋음,기분좋음
진짜 좋음 기분,기분좋음
기분 정말 좋음,기분좋음
저 정말 좋음 기분,기분좋음
기분 나 진심 좋음,기분좋음
기분 상당히 좋죠,기분좋음
기분 진심 좋죠,기분좋음
기분 완전 좋네요,기분좋음
기분 완전 좋아서요,기분좋음
기분 짱 좋죠,기분좋음
기분 완전 짱이야요,기분좋음
기분 상당히 좋아요,기분좋음
기분 정말 좋죠,기분좋음
기분 진심 좋거든요,기분좋음
기분 좋거든요,기분좋음
너무 기분 좋을 때 그래서 그랬어요,기분좋음
기분 너무 좋으니까요,기분좋음
기분 좋으니까요,기분좋음
기분 좋지 당연히요,기분좋음
당연히 기분 좋지요,기분좋음
정말 기분 너무 좋다요,기분좋음
기모찌요,기분좋음
너무 기모찌 하네요,기분좋음
기모찌하다요,기분좋음
진심 너무 좋다 기분,기분좋음
너무 좋은데 기분,기분좋음
이렇게 기분 좋다니요,기분좋음
이렇게나 기분 좋을줄요,기분좋음
정말 최고 좋은데 기분,기분좋음
진심 너무 좋다 기분,기분좋음
진짜 좋습니다 기분,기분좋음
기분 진심 좋습니다,기분좋음
진짜 좋습니다 기분,기분좋음
기분 정말 좋습니다,기분좋음
저 정말 좋습니다 기분,기분좋음
기분 나 진심 좋습니다,기분좋음
기모찌요,기분좋음
너무 기모찌 하네요,기분좋음
진심 너무 좋다 기분,기분좋음
진짜 좋습니다 기분,기분좋음
기분 진심 좋습니다,기분좋음
진짜 좋습니다 기분,기분좋음
기분 정말 좋습니다,기분좋음
진심 너무 좋다 기분,기분좋음
너무 좋은데 기분,기분좋음
이렇게 기분 좋다니요,기분좋음
이렇게나 기분 좋을줄요,기분좋음
정말 최고 좋은데 기분,기분좋음
진심 너무 좋다 기분,기분좋음
진짜 좋습니다 기분,기분좋음
기분 진심 좋습니다,기분좋음
진짜 좋습니다 기분,기분좋음
기분 정말 좋습니다,기분좋음
저 정말 좋습니다 기분,기분좋음
기분 저 진심 좋습니다,기분좋음
기모찌요,기분좋음
너무 기모찌 하죠,기분좋음
진심 너무 좋다 기분,기분좋음
진짜 좋습니다 기분,기분좋음
기분 진심 좋습니다,기분좋음
진짜 좋습니다 기분,기분좋음
기분 정말 좋습니다,기분좋음
허걱,놀람
헐,놀람
우와 정말,놀람
진짜 놀랍구나,놀람
놀랄 때 그래,놀람
놀랐다,놀람
헐 놀랐어,놀람
놀랐다,놀람
놀라워 세상에나,놀람
세상에 놀랐어 그럴 수,놀람
세상에 이럴 수 놀랍네,놀람
정말 놀랐어 그럴리가,놀람
헐 그럴리 없어,놀람
저 정말 놀라워,놀람
허걱 세상에나,놀람
나 세상에 마상에,놀람
허걱 놀랐네,놀람
놀라버렸어,놀람
아 그 때 놀랄 때 그래,놀람
아까 놀랐잖아,놀람
놀라 버렸잖아,놀람
놀랐어,놀람
진짜 놀랐네,놀람
오늘 그 것 때문에 놀랐지,놀람
아까 그 거 때문에 놀랐어,놀람
그 일 있고 놀랄 때 그래,놀람
헐 놀랍다,놀람
너무 놀라운데,놀람
헐 놀라워라,놀람
놀라워라 진짜,놀람
우와 헐,놀람
우와 놀라워 헐,놀람
나 그럴 수,놀람
세상에,놀람
세상에나,놀람
세상에 그럴 수,놀람
세상에 이럴 수,놀람
정말 그럴리가,놀람
그럴리 없어,놀람
정말 놀라워,놀람
세상에나,놀람
세상에 마상에,놀람
세상에 그럴 수가,놀람
세상에 이럴 수 있나,놀람
세상 이럴 수 없어,놀람
저 정말요,놀람
진짜 놀랍네요,놀람
놀랐죠,놀람
놀랐다요,놀람
헐 놀랐어요,놀람
놀랐다요,놀람
놀라워 세상에나요,놀람
세상에 놀랐어 그럴 수 있나요,놀람
세상에 이럴 수 놀랍네요,놀람
정말 놀랄 때 그래 그럴리가요,놀람
헐 그럴리 없어요,놀람
나 정말 놀라워요,놀람
허걱 세상에나요,놀람
나 세상에 마상에요,놀람
허걱 놀랐네요,놀람
놀라버렸어요,놀람
아 그 때 놀랐어요,놀람
아까 놀랐잖아요,놀람
놀라 버렸잖아요,놀람
놀랐어요,놀람
저 놀랐네요,놀람
오늘 그 것 때문에 놀랐지요,놀람
아까 그 거 때문에 놀랄 때 그래요,놀람
그 일 있고 놀랐어요,놀람
헐 놀랍다요,놀람
너무 놀라운데요,놀람
진짜 놀라워요,놀람
놀라워라 진짜요,놀람
우와 헐,놀람
우와 놀라워 헐,놀람
나 그럴 수 있나요,놀람
세상에요,놀람
세상에나요,놀람
세상에 그럴 수 있나요,놀람
세상에 이럴 수 있나요,놀람
정말 그럴리가요,놀람
그럴리 없어요,놀람
정말 놀라워요,놀람
세상에나요,놀람
세상에 마상에요,놀람
세상에 그럴 수가요,놀람
세상에 이럴 수 있나요,놀람
세상 이럴 수 없어요,놀람
나 정말요,놀람
진짜 놀랍네요,놀람
놀랐어요,놀람
놀랐습니다,놀람
헐 놀랐죠,놀람
놀랐습니다,놀람
놀라워 세상에나요,놀람
세상에 놀랄 때 그래 그럴 수 있나요,놀람
세상에 이럴 수 놀랍네요,놀람
정말 놀랐어 그럴리가요,놀람
헐 그럴리 없어요,놀람
우와 정말 놀라워요,놀람
허걱 세상에나요,놀람
우와 세상에 마상에요,놀람
허걱 놀랐네요,놀람
놀라버렸어요,놀람
아 그 때 놀랐죠,놀람
아까 놀랐잖아요,놀람
놀라 버렸잖아요,놀람
놀랐어요,놀람
진짜 놀랐네요,놀람
오늘 그 것 때문에 놀랐지요,놀람
아까 그 거 때문에 놀랄 때 그래요,놀람
그 일 있고 놀랐죠,놀람
헐 놀랍습니다,놀람
너무 놀라운데요,놀람
저 놀라워요,놀람
놀라워라 진짜요,놀람
나 놀라워 헐,놀람
세상에요,놀람
세상에나요,놀람
세상에 그럴 수 있나요,놀람
세상에 이럴 수 있나요,놀람
정말 그럴리가요,놀람
그럴리 없어요,놀람
정말 놀라워요,놀람
세상에나요,놀람
세상에 마상에요,놀람
세상에 그럴 수가요,놀람
세상에 이럴 수 있나요,놀람
세상 이럴 수 없죠,놀람
허걱 너도 놀랐니,놀랐니
헐 너 놀랐지,놀랐니
놀랐었지 너,놀랐니
조금 놀랐냐,놀랐니
놀랐니,놀랐니
정말 놀랐었니,놀랐니
정말 놀랐었니,놀랐니
진짜 놀랐었니,놀랐니
너 정말 놀랐니,놀랐니
너도 진심 놀랐죠,놀랐니
너도 놀랐니,놀랐니
너 진짜 놀랐지 너,놀랐니
너도 놀랐네,놀랐니
너도 놀랐구나,놀랐니
너 놀랐냐,놀랐니
조금 놀랐지 너,놀랐니
놀랐니 너,놀랐니
정말 놀랐었지 너,놀랐니
정말 놀랐었니 너,놀랐니
진짜 진심 놀랐었지,놀랐니
정말 놀랐지,놀랐니
놀랐구나 너도,놀랐니
놀랐네 너도,놀랐니
진짜 놀랐지,놀랐니
놀랐네 너도,놀랐니
놀랐죠 너도,놀랐니
너 좀 놀랐지,놀랐니
너 상당히 놀랐냐,놀랐니
상당히 놀랐구나 너,놀랐니
진짜 너도 놀랐었냐,놀랐니
정말 놀랐니 너,놀랐니
정말 놀랐구나 너도,놀랐니
놀랐네 너도 정말,놀랐니
놀랐냐 너도 진짜,놀랐니
놀랐네 너도 진짜,놀랐니
놀랐구나 너도 정말,놀랐니
좀 너 놀랐지,놀랐니
상당히 너 놀랐냐,놀랐니
아 너도 놀랐냐,놀랐니
아 너도 진심 놀랐었냐,놀랐니
아 너도 놀랐니,놀랐니
놀랐지 아 너도,놀랐니
아 너도 놀랐었냐,놀랐니
아 놀랐지도,놀랐니
상당히 너 놀랐나보네,놀랐니
아 너도 놀랐나보네,놀랐니
아 너도 진심 놀랐나보네,놀랐니
아 너도 놀랐나보네,놀랐니
놀랐나보네 아 너도,놀랐니
허걱 너도 놀랐나요,놀랐니
헐 너 놀랐지,놀랐니
놀랐었지 너,놀랐니
조금 놀랐나요,놀랐니
놀랐나요,놀랐니
정말 놀랐었나요,놀랐니
정말 놀랐었나요,놀랐니
진짜 놀랐었나요,놀랐니
너 정말 놀랐나요,놀랐니
너도 진심 놀랐죠요,놀랐니
너도 놀랐나요,놀랐니
너 진짜 놀랐지 너,놀랐니
너도 놀랐네요,놀랐니
너도 놀랐구나요,놀랐니
너 놀랐나요,놀랐니
조금 놀랐지 너,놀랐니
놀랐니 그런가요,놀랐니
정말 놀랐었지 그런가요,놀랐니
정말 놀랐었니 너요,놀랐니
진짜 진심 놀랐었지도요,놀랐니
정말 놀랐지요,놀랐니
놀랐구나 너도요,놀랐니
놀랐네 너도요,놀랐니
진짜 놀랐지요,놀랐니
놀랐네 너도요,놀랐니
놀랐죠 너도요,놀랐니
너 좀 놀랐지,놀랐니
너 상당히 놀랐나요,놀랐니
상당히 놀랐구나 그런가요,놀랐니
진짜 너도 놀랐었나요,놀랐니
정말 놀랐니 당신,놀랐니
정말 놀랐구나 너도요,놀랐니
놀랐네 너도 정말요,놀랐니
놀랐냐 너도 진짜요,놀랐니
놀랐네 너도 진짜요,놀랐니
놀랐구나 너도 정말요,놀랐니
좀 너 놀랐지,놀랐니
상당히 너 놀랐나요,놀랐니
아 너도 놀랐나요,놀랐니
아 너도 진심 놀랐었나요,놀랐니
아 너도 놀랐나요,놀랐니
놀랐지 아 너도요,놀랐니
아 너도 놀랐었나요,놀랐니
아 놀랐지도요,놀랐니
상당히 너 놀랐나보네요,놀랐니
아 너도 놀랐나보네요,놀랐니
아 너도 진심 놀랐나보네요,놀랐니
아 너도 놀랐나보네요,놀랐니
놀랐나보네 아 너도요,놀랐니
너 기분 묘하나요,묘하니
너도 그러게 묘하니,묘하니
정말 묘하냐,묘하니
살짝 묘하니,묘하니
묘하니,묘하니
당신 묘하니,묘하니
살짝 묘하냐,묘하니
기분 진심 묘하니,묘하니
기분 묘했어,묘하니
이런 묘하니,묘하니
저런 너도 기분 묘했어,묘하니
묘하니,묘하니
정말 묘하나요,묘하니
이 거 묘하냐,묘하니
정말 기분 묘하나보네,묘하니
기분 너도 진심 오묘하나요,묘하니
그러게 진심 오묘하니,묘하니
정말 오묘하냐,묘하니
살짝 오묘하니,묘하니
오묘하니,묘하니
당신 오묘하니,묘하니
살짝 오묘하나요,묘하니
기분 오묘하니,묘하니
기분 오묘했어,묘하니
이런 오묘하니,묘하니
저런 당신도 기분 오묘했어,묘하니
오묘하니,묘하니
너 정말 진심 오묘하냐,묘하니
이 거 오묘하냐,묘하니
정말 기분 오묘하나보네,묘하니
너도 묘합니까 기분,묘하니
묘합니까 너도 기분 너도,묘하니
기분 오묘했어,묘하니
이런 오묘하니,묘하니
저런 너도 기분 오묘했어,묘하니
오묘하니,묘하니
너 정말 진심 오묘하냐,묘하니
이 거 오묘하냐,묘하니
정말 기분 오묘하나보네,묘하니
너도 묘한가요기분,묘하니
묘한가요너도 기분 너도,묘하니
이 거 묘하냐요,묘하니
정말 기분 묘하나보죠,묘하니
기분 너도 진심 오묘하나요,묘하니
그러게 진심 오묘하나요,묘하니
정말 오묘하냐요,묘하니
살짝 오묘하나죠,묘하니
오묘하나요,묘하니
너 오묘하나요,묘하니
살짝 오묘하나죠,묘하니
기분 오묘하나요,묘하니
기분 오묘했어요,묘하니
이런 오묘하나죠,묘하니
저런 너도 기분 오묘했어요,묘하니
오묘하나요,묘하니
너 정말 진심 오묘하냐죠,묘하니
이 거 오묘하냐요,묘하니
정말 기분 오묘하나보네요,묘하니
너도 묘하니 묘합니까,묘하니
묘합니까 당신도 기분 너도요,묘하니
기분 오묘했어요,묘하니
이런 오묘하나요,묘하니
저런 너도 기분 오묘했어죠,묘하니
오묘하나요,묘하니
너 정말 진심 오묘하냐죠,묘하니
이 거 오묘하냐요,묘하니
정말 기분 오묘하나보죠,묘하니
너도 묘한가요묘합니까,묘하니
묘한가요너도 기분 당신도요,묘하니
기분 묘하네,묘함
그러게 묘하다,묘함
정말 묘하네,묘함
살짝 묘해,묘함
묘해,묘함
묘하다,묘함
살짝 묘하네,묘함
기분 진심 묘해졌죠,묘함
기분 묘했죠,묘함
이런 묘해졌어,묘함
저런 기분 묘했어,묘함
묘해졌죠,묘함
정말 묘하네,묘함
이 거 묘하네,묘함
정말 기분 묘하고만,묘함
기분 진심 오묘하네,묘함
그러게 진심 오묘하다,묘함
정말 오묘하네,묘함
살짝 오묘해,묘함
오묘해,묘함
오묘하다,묘함
살짝 오묘하네,묘함
기분 오묘해졌어,묘함
기분 오묘할 때 그래,묘함
이런 오묘해졌죠,묘함
저런 기분 오묘했어,묘함
오묘해졌어,묘함
정말 진심 오묘하네,묘함
이 거 오묘하네,묘함
정말 기분 오묘하고만,묘함
오묘하네 정말 기분,묘함
묘하네 기분 정말,묘함
기분 묘하네요,묘함
그러게 묘합니다,묘함
정말 묘하네요,묘함
살짝 묘해요,묘함
묘해요,묘함
묘합니다,묘함
살짝 묘하네요,묘함
기분 진심 묘해졌네요,묘함
기분 묘했죠,묘함
이런 묘해졌네요,묘함
저런 기분 묘할 때 그래,묘함
묘해졌네요,묘함
정말 묘하네요,묘함
이 거 묘하네요,묘함
정말 기분 묘하고만,묘함
기분 진심 오묘하네요,묘함
그러게 진심 오묘합니다,묘함
정말 오묘하네요,묘함
살짝 오묘해요,묘함
오묘해요,묘함
오묘합니다,묘함
살짝 오묘하네요,묘함
기분 오묘해졌네요,묘함
기분 오묘할 때,묘함
이런 오묘해졌네요,묘함
저런 기분 오묘했죠,묘함
오묘해졌네요,묘함
정말 진심 오묘하네요,묘함
이 거 오묘하네요,묘함
정말 기분 오묘하고만,묘함
오묘하네요 정말 기분,묘함
묘하네요 기분 정말,묘함
삐졌니,삐졌니
진심 삐졌냐,삐졌니
삐지니,삐졌니
삐졌니,삐졌니
삐졌네 당신도 니,삐졌니
진짜 삐졌니,삐졌니
너 지금 삐졌니,삐졌니
너 삐졌니,삐졌니
당신 삐졌네 너도 니,삐졌니
너 진짜 삐졌니,삐졌니
걔 삐졌니,삐졌니
아까 진심 삐졌었지,삐졌니
당신무 삐졌니,삐졌니
너 지금 삐졌니,삐졌니
너 진심 개 삐졌냐,삐졌니
아 엄청 삐졌니,삐졌니
완전 삐졌네 당신도 지금,삐졌니
지금 너 완전 삐졌니,삐졌니
너 엄청 삐졌거든 지금,삐졌니
지금 당신 엄청 삐졌니,삐졌니
너 엄청 삐져있니,삐졌니
지금 너 삐져있니,삐졌니
엄청나게 삐져있니,삐졌니
너 엄청나게 삐져있니,삐졌니
삐졌냐,삐졌니
당신 정말 삐졌니,삐졌니
너 지금 삐졌니,삐졌니
너 진심 개 삐졌냐,삐졌니
아 엄청 삐졌니,삐졌니
완전 삐졌네 당신도 지금,삐졌니
지금 너 완전 삐졌니,삐졌니
너 엄청 삐졌거든 지금,삐졌니
지금 당신 엄청 삐졌니,삐졌니
너 엄청 삐져있니,삐졌니
지금 너 삐져있니,삐졌니
엄청나게 삐져있니,삐졌니
당신 엄청나게 삐져있니,삐졌니
삐졌냐,삐졌니
삐졌죠,삐졌니
진심 삐졌냐,삐졌니
삐지나요,삐졌니
삐졌니,삐졌니
삐졌네 너도 나요,삐졌니
진짜 삐졌죠,삐졌니
당신 지금 삐지셨나요,삐졌니
너 삐졌니,삐졌니
너 삐졌네 너도 나요,삐졌니
당신 진짜 삐지셨죠,삐졌니
걔 삐졌나요,삐졌니
아까 진심 삐졌었지,삐졌니
너무 삐졌나요,삐졌니
너 지금 삐졌니,삐졌니
너 진심 개 삐졌냐,삐졌니
아 엄청 삐지셨죠,삐졌니
완전 삐졌네 당신도 지금,삐졌니
지금 너 완전 삐졌나요,삐졌니
너 엄청 삐졌거든 지금,삐졌니
지금 당신 엄청 삐지셨나요,삐졌니
너 엄청 삐져있죠,삐졌니
지금 너 삐져있나요,삐졌니
엄청나게 삐져있나요,삐졌니
당신 엄청나게 삐져있죠,삐졌니
삐졌냐,삐졌니
너 정말 삐지셨나요,삐졌니
너 지금 삐졌나요,삐졌니
너 진심 개 삐졌냐,삐졌니
아 엄청 삐졌죠,삐졌니
완전 삐졌네 너도 지금,삐졌니
지금 너 완전 삐졌나요,삐졌니
너 엄청 삐졌거든 지금,삐졌니
지금 너 엄청 삐지셨나요,삐졌니
너 엄청 삐져있죠,삐졌니
지금 너 삐져있죠,삐졌니
엄청나게 삐져있나요,삐졌니
너 엄청나게 삐져있나요,삐졌니
삐졌냐,삐졌니
삐졌어,삐짐
흥,삐짐
진심 삐짐,삐짐
삐지네,삐짐
삐졌네,삐짐
삐졌다고,삐짐
진짜 삐졌어,삐짐
됐다 삐질 때,삐짐
나 삐졌어,삐짐
나 삐졌다고,삐짐
나 진짜 삐졌어,삐짐
걔 삐졌어,삐짐
아까 진심 삐졌었지,삐짐
너무 삐질 때,삐짐
됐다 삐졌어,삐짐
나 진심 개 삐짐,삐짐
아 엄청 삐졌어,삐짐
완전 삐졌죠 지금,삐짐
지금 나 완전 삐질 때 그렇지,삐짐
나 엄청 삐졌거든 지금,삐짐
지금 나 엄청 삐졌어,삐짐
나 엄청 삐져있어,삐짐
지금 나 삐져있어,삐짐
엄청나게 삐져있어,삐짐
나 엄청나게 삐져있어,삐짐
삐짐,삐짐
나 정말 삐졌어,삐짐
됐죠 삐질 때 그래,삐짐
나 진심 개 삐짐,삐짐
아 엄청 삐졌어,삐짐
완전 삐졌다 지금,삐짐
지금 나 완전 삐졌어,삐짐
나 엄청 삐졌거든 지금,삐짐
지금 나 엄청 삐질 때 그래,삐짐
나 엄청 삐져있어,삐짐
지금 나 삐져있어,삐짐
엄청나게 삐져있어,삐짐
나 엄청나게 삐져있어,삐짐
삐짐,삐짐
삐졌어죠,삐짐
흥,삐짐
진심 삐짐요,삐짐
삐지네요,삐짐
삐졌네요,삐짐
삐졌다고죠,삐짐
진짜 삐졌어요,삐짐
됐다 삐질 때 그래요,삐짐
나 삐졌어요,삐짐
나 삐졌다고죠,삐짐
나 진짜 삐졌어요,삐짐
걔 삐졌어요,삐짐
아까 진심 삐졌었지요,삐짐
너무 삐질 때 그랬죠,삐짐
됐죠 삐졌어요,삐짐
나 진심 개 삐짐요,삐짐
아 엄청 삐졌어요,삐짐
완전 삐졌다 지금,삐짐
지금 나 완전 삐졌어요,삐짐
나 엄청 삐졌거든 지금요,삐짐
지금 나 엄청 삐질 때 그래요,삐짐
나 엄청 삐져있어죠,삐짐
지금 나 삐져있어요,삐짐
엄청나게 삐져있어요,삐짐
나 엄청나게 삐져있어요,삐짐
삐짐죠,삐짐
나 정말 삐졌어요,삐짐
됐다 삐졌어요,삐짐
나 진심 개 삐짐죠,삐짐
아 엄청 삐졌어요,삐짐
완전 삐졌죠 지금요,삐짐
지금 나 완전 삐졌어요,삐짐
나 엄청 삐졌거든 지금,삐짐
지금 나 엄청 삐졌어요,삐짐
나 엄청 삐져있어요,삐짐
지금 나 삐져있어죠,삐짐
엄청나게 삐져있어요,삐짐
나 엄청나게 삐져있어요,삐짐
삐짐요,삐짐
삐졌습니다,삐짐
흥,삐짐
진심 삐짐죠,삐짐
삐지네요,삐짐
삐졌네요,삐짐
삐졌다고요,삐짐
진짜 삐졌습니다,삐짐
됐다 삐졌습니다,삐짐
나 삐졌습니다,삐짐
나 삐졌다고죠,삐짐
나 진짜 삐졌습니다,삐짐
걔 삐졌습니다,삐짐
아까 진심 삐졌었지요,삐짐
너무 삐졌습니다,삐짐
됐다 삐졌습니다,삐짐
나 진심 개 삐짐요,삐짐
아 엄청 삐졌습니다,삐짐
완전 삐졌다 지금요,삐짐
지금 나 완전 삐졌습니다,삐짐
나 엄청 삐졌거든 지금,삐짐
지금 나 엄청 삐졌습니다,삐짐
나 엄청 삐져있습니다,삐짐
지금 나 삐져있습니다,삐짐
엄청나게 삐져있습니다,삐짐
나 엄청나게 삐져있습니다,삐짐
삐짐요,삐짐
나 정말 삐졌습니다,삐짐
됐다 삐졌습니다,삐짐
나 진심 개 삐짐요,삐짐
아 엄청 삐졌습니다,삐짐
완전 삐졌다 지금요,삐짐
지금 나 완전 삐졌습니다,삐짐
나 엄청 삐졌거든 지금,삐짐
지금 나 엄청 삐졌습니다,삐짐
나 엄청 삐져있습니다,삐짐
지금 나 삐져있습니다,삐짐
엄청나게 삐져있습니다,삐짐
나 엄청나게 삐져있습니다,삐짐
삐짐요,삐짐
너 슬프니,슬프니
눈물 나냐,슬프니
진짜 슬프니,슬프니
엄청 슬프니,슬프니
너 슬프니,슬프니
눈물 나냐네,슬프니
진심 너 슬프니,슬프니
지금 진짜 눈물 나냐,슬프니
요즘 진짜 슬프니,슬프니
엄청 요즘 슬프니,슬프니
너 엄청 슬프니,슬프니
아까부터 눈물 나냐네,슬프니
너무 심하게 슬프니,슬프니
지금 진짜 눈물 나냐,슬프니
그냥 슬퍼서,슬프니
엄청 요즘 슬퍼서,슬프니
너 엄청 슬픔,슬프니
전부터 눈물 났어,슬프니
너무 슬프구나,슬프니
지금 진짜 눈물 나냐 슬프니,슬프니
진짜 심하게 슬프구나,슬프니
엄청 요즘 슬퍼서,슬프니
너 진심 슬픔,슬프니
오늘 눈물 났니,슬프니
넌 슬픈가요,슬프니
눈물 나냐,슬프니
진짜 슬프니,슬프니
엄청 슬픈가요,슬프니
넌 슬픈가요,슬프니
눈물 나냐네,슬프니
진심 넌 슬픈가요,슬프니
넌 지금 진짜 눈물 나냐요,슬프니
눈물 났어요,슬프니
너 슬픕니니,슬프니
눈물 나냐,슬프니
진짜 슬프니,슬프니
엄청 슬픕니까,슬프니
너 슬프니,슬프니
눈물 나냐네,슬프니
진심 너 슬픕니니,슬프니
지금 진짜 눈물 나냐,슬프니
요즘 진짜 슬프니,슬프니
엄청 요즘 슬픕니까,슬프니
너 엄청 슬프니,슬프니
아까부터 눈물 나냐네,슬프니
너무 심하게 슬픕니까,슬프니
지금 진짜 눈물 나냐,슬프니
그냥 슬퍼서,슬프니
엄청 요즘 슬퍼서,슬프니
너 엄청 슬픔,슬프니
전부터 눈물 났어,슬프니
너무 슬프구나,슬프니
지금 진짜 눈물 나냐 슬픕니니,슬프니
진짜 심하게 슬프구나,슬프니
엄청 요즘 슬퍼서,슬프니
너 진심 슬픔,슬프니
오늘 눈물 났냐,슬프니
넌 슬프가요,슬프니
눈물 나냐,슬프니
진짜 슬프니,슬프니
엄청 슬픕니까,슬프니
넌 슬픕니까,슬프니
눈물 나냐네,슬프니
진심 넌 슬프가요,슬프니
넌 지금 진짜 눈물 나냐요,슬프니
눈물 났어요,슬프니
너무 심하게 슬프네,슬프니
정말 슬프니 정말,슬프니
너 너무 슬퍼서 그러니,슬프니
진짜 슬플 때 그러니,슬프니
저 슬퍼,슬픔
눈물 나,슬픔
진짜 슬프다,슬픔
엄청 슬퍼,슬픔
나 슬프다,슬픔
눈물 나네,슬픔
진심 나 슬퍼,슬픔
지금 진짜 눈물 나,슬픔
요즘 진짜 슬프다,슬픔
엄청 요즘 슬퍼,슬픔
저 엄청 슬프다,슬픔
아까부터 눈물 나네,슬픔
너무 심하게 슬퍼,슬픔
지금 진짜 눈물 나서,슬픔
그냥 슬퍼서,슬픔
엄청 요즘 슬퍼서,슬픔
나 엄청 슬픔,슬픔
전부터 눈물 났어,슬픔
너무 슬프구나,슬픔
지금 진짜 눈물 나서 슬퍼,슬픔
진짜 심하게 슬프구나,슬픔
엄청 요즘 슬퍼서,슬픔
저 진심 슬픔,슬픔
오늘 눈물 났다,슬픔
난 슬퍼요,슬픔
눈물 나,슬픔
진짜 슬프다,슬픔
엄청 슬퍼요,슬픔
난 슬퍼요,슬픔
눈물 나네,슬픔
진심 난 슬퍼요,슬픔
난 지금 진짜 눈물 나요,슬픔
눈물 났어요,슬픔
나 슬픕니다,슬픔
눈물 나,슬픔
진짜 슬프다,슬픔
엄청 슬픕니다,슬픔
저 슬프다,슬픔
눈물 나네,슬픔
진심 나 슬픕니다,슬픔
지금 진짜 눈물 나,슬픔
요즘 진짜 슬프다,슬픔
엄청 요즘 슬픕니다,슬픔
나 엄청 슬프다,슬픔
아까부터 눈물 나네,슬픔
너무 심하게 슬픕니다,슬픔
지금 진짜 눈물 나서,슬픔
그냥 슬퍼서,슬픔
엄청 요즘 슬퍼서,슬픔
저 엄청 슬픔,슬픔
전부터 눈물 났어,슬픔
너무 슬프구나,슬픔
지금 진짜 눈물 나서 슬픕니다,슬픔
진짜 심하게 슬프구나,슬픔
엄청 요즘 슬퍼서,슬픔
나 진심 슬픔,슬픔
오늘 눈물 났다,슬픔
난 슬퍼요,슬픔
눈물 나,슬픔
진짜 슬프다,슬픔
엄청 슬퍼요,슬픔
난 슬퍼요,슬픔
눈물 나네,슬픔
진심 난 슬퍼요,슬픔
난 지금 진짜 눈물 나요,슬픔
눈물 났어요,슬픔
너무 심하게 슬프네,슬픔
정말 슬프다 정말,슬픔
나 너무 슬퍼서 그래,슬픔
진짜 슬플 때 그래,슬픔
실망했어,실망
실망스럽다,실망
진심 실망,실망
정말스럽네,실망
실망하네,실망
실망했다고,실망
진짜 실망해,실망
됐다 실망스러울 때,실망
나 실망했어,실망
나 실망하다고,실망
나 진짜 실망했어,실망
걔 실망했어,실망
아까 진심 실망하었지,실망
너무 실망스러울 때,실망
됐다 실망했어,실망
나 진심 개 실망,실망
아 엄청 실망했어,실망
완전 실망하죠 지금,실망
지금 나 완전 실망스러울 때 그렇지,실망
나 엄청 실망했거든 지금,실망
지금 나 엄청 실망했어,실망
나 엄청 실망에 빠져있어,실망
지금 나 실망에 빠져있어,실망
엄청나게 실망에 빠져있어,실망
나 엄청나게 실망에 빠져있어,실망
실망,실망
나 정말 실망했어,실망
됐죠 실망스러울 때 그래,실망
나 진심 개 실망,실망
아 엄청 실망했어,실망
완전 실망했다 지금,실망
지금 나 완전 실망했어,실망
나 엄청 실망했거든 지금,실망
지금 나 엄청 실망스러울 때 그래,실망
나 엄청 실망에 빠져있어,실망
지금 나 실망에 빠져있어,실망
엄청나게 실망에 빠져있어,실망
나 엄청나게 실망에 빠져있어,실망
실망,실망
실망했어요,실망
실망스럽다,실망
진심 실망스러워,실망
정말스럽네요,실망
실망했네요,실망
실망했다고죠,실망
진짜 실망했어요,실망
됐다 실망스러울 때 그래요,실망
나 실망했어요,실망
나 실망했다고죠,실망
나 진짜 실망했어요,실망
걔 실망했어요,실망
아까 진심 실망했었지요,실망
너무 실망스러울 때 그랬죠,실망
됐죠 실망했어요,실망
나 진심 개 실망스러워,실망
아 엄청 실망했어요,실망
완전 실망했다 지금,실망
지금 나 완전 실망했어요,실망
나 엄청 실망했거든 지금요,실망
지금 나 엄청 실망스러울 때 그래요,실망
나 엄청 실망에 빠져있어요,실망
지금 나 실망에 빠져있어요,실망
엄청나게 실망에 빠져있어요,실망
나 엄청나게 실망에 빠져있어요,실망
실망스럽죠,실망
나 정말 실망했어요,실망
됐다 실망했어요,실망
나 진심 개 실망스럽죠,실망
아 엄청 실망했어요,실망
완전 정말스럽죠 지금요,실망
지금 나 완전 정말스럽어요,실망
나 엄청 정말스럽거든 지금,실망
지금 나 엄청 정말스럽어요,실망
나 엄청 실망에 빠져있어요,실망
지금 나 실망에 빠져있어요,실망
엄청나게 실망에 빠져있어요,실망
나 엄청나게 실망에 빠져있어요,실망
실망스러워,실망
정말스럽습니다,실망
실망스럽다,실망
진심 실망스럽죠,실망
정말스럽네요,실망
실망하네요,실망
실망했다고요,실망
진짜 정말스럽습니다,실망
됐다 정말스럽습니다,실망
나 정말스럽습니다,실망
나 정말스럽다고죠,실망
나 진짜 정말스럽습니다,실망
걔 실망했습니다,실망
아까 진심 정말스럽었지요,실망
너무 정말스럽습니다,실망
됐다 정말스럽습니다,실망
나 진심 개 실망스러워,실망
아 엄청 정말스럽습니다,실망
완전 정말스럽다 지금요,실망
지금 나 완전 정말스럽습니다,실망
나 엄청 실망하거든 지금,실망
지금 나 엄청 실망했습니다,실망
나 엄청 실망에 빠져있습니다,실망
지금 나 실망에 빠져있습니다,실망
엄청나게 실망에 빠져있습니다,실망
나 엄청나게 실망에 빠져있습니다,실망
실망스러워,실망
나 정말 정말스럽습니다,실망
됐다 정말스럽습니다,실망
나 진심 개 실망스러워,실망
아 엄청 정말스럽습니다,실망
완전 정말스럽다 지금요,실망
지금 나 완전 정말스럽습니다,실망
나 엄청 실망하거든 지금,실망
지금 나 엄청 정말스럽습니다,실망
나 엄청 실망에 빠져있습니다,실망
지금 나 실망에 빠져있습니다,실망
엄청나게 실망에 빠져있습니다,실망
나 엄청나게 실망에 빠져있습니다,실망
실망스러워,실망
허걱 너도 실망했니,실망했니
헐 너 실망했지,실망했니
실망했었지 너,실망했니
조금 실망하냐,실망했니
실망하니,실망했니
정말 실망하니,실망했니
정말 실망했었니,실망했니
진짜 실망했었니,실망했니
너 정말 실망했니,실망했니
너도 진심 실망했죠,실망했니
너도 실망하니,실망했니
너 진짜 실망했지 너,실망했니
너도 실망했네,실망했니
너도 실망했구나,실망했니
너 실망하냐,실망했니
조금 실망했지 너,실망했니
실망했니 너,실망했니
정말 실망했었지 너,실망했니
정말 실망했었니 너,실망했니
진짜 진심 실망했었지,실망했니
정말 실망했지,실망했니
실망했구나 너도,실망했니
실망했네 너도,실망했니
진짜 실망했지,실망했니
실망했네 너도,실망했니
실망했죠 너도,실망했니
너 좀 실망했지,실망했니
너 상당히 실망하냐,실망했니
상당히 실망했구나 너,실망했니
진짜 너도 실망했었냐,실망했니
정말 실망했니 너,실망했니
정말 실망했구나 너도,실망했니
실망했네 너도 정말,실망했니
실망했냐 너도 진짜,실망했니
실망했네 너도 진짜,실망했니
실망했구나 너도 정말,실망했니
좀 너 실망했지,실망했니
상당히 너 실망하냐,실망했니
아 너도 실망하냐,실망했니
아 너도 진심 실망했었냐,실망했니
아 너도 실망하니,실망했니
실망했지 아 너도,실망했니
아 너도 실망했었냐,실망했니
아 실망했지도,실망했니
상당히 너 실망했나보네,실망했니
아 너도 실망했나보네,실망했니
아 너도 진심 실망했나보네,실망했니
아 너도 실망했나보네,실망했니
실망했나보네 아 너도,실망했니
허걱 너도 실망했나요,실망했니
헐 너 실망했지,실망했니
실망했었지 너,실망했니
조금 실망했나요,실망했니
실망했나요,실망했니
정말 실망했었나요,실망했니
정말 실망했었나요,실망했니
진짜 실망했었나요,실망했니
너 정말 실망했나요,실망했니
너도 진심 실망했죠요,실망했니
너도 실망했나요,실망했니
너 진짜 실망했지 너,실망했니
너도 실망했네요,실망했니
너도 실망했구나요,실망했니
너 실망했나요,실망했니
조금 실망했지 너,실망했니
실망했니 그런가요,실망했니
정말 실망했었지 그런가요,실망했니
정말 실망했었니 너요,실망했니
진짜 진심 실망했었지도요,실망했니
정말 실망했지요,실망했니
실망했구나 당신도요,실망했니
실망했네 당신도요,실망했니
진짜 실망했지요,실망했니
실망했네 당신도요,실망했니
실망했죠 당신도요,실망했니
너 좀 실망했지,실망했니
너 상당히 실망했나요,실망했니
상당히 실망했구나 그런가요,실망했니
진짜 너도 실망했었나요,실망했니
정말 실망했니 당신,실망했니
정말 실망했구나 당신도요,실망했니
실망했네 너도 정말요,실망했니
실망했냐 너도 진짜요,실망했니
실망했네 너도 진짜요,실망했니
실망했구나 너도 정말요,실망했니
좀 너 실망했지,실망했니
상당히 너 실망했나요,실망했니
아 너도 실망했나요,실망했니
아 너도 진심 실망했었나요,실망했니
아 너도 실망했나요,실망했니
실망했지 아 당신도요,실망했니
아 너도 실망했었나요,실망했니
아 실망했지도요,실망했니
상당히 너 실망했나보네요,실망했니
아 너도 실망했나보네요,실망했니
아 너도 진심 실망했나보네요,실망했니
아 너도 실망했나보네요,실망했니
실망했나보네 아 당신도요,실망했니
기분 우울하네,우울
그러게 우울하다,우울
정말 우울하네,우울
살짝 우울해,우울
우울해,우울
우울하다,우울
살짝 우울하네,우울
기분 진심 우울해졌죠,우울
기분 우울했죠,우울
이런 우울해졌어,우울
저런 기분 우울했어,우울
우울해졌죠,우울
정말 우울하네,우울
이 거 우울하네,우울
정말 기분 우울하고만,우울
기분 진심 쓸쓸하네,우울
그러게 진심 쓸쓸하다,우울
정말 쓸쓸하네,우울
살짝 쓸쓸해,우울
쓸쓸해,우울
쓸쓸하다,우울
살짝 쓸쓸하네,우울
기분 쓸쓸해졌어,우울
기분 쓸쓸할 때 그래,우울
이런 쓸쓸해졌죠,우울
저런 기분 쓸쓸했어,우울
쓸쓸해졌어,우울
정말 진심 쓸쓸하네,우울
이 거 쓸쓸하네,우울
정말 기분 쓸쓸하고만,우울
쓸쓸하네 정말 기분,우울
우울하네 기분 정말,우울
기분 우울하네요,우울
그러게 우울합니다,우울
정말 우울하네요,우울
살짝 우울해요,우울
우울해요,우울
우울합니다,우울
살짝 우울하네요,우울
기분 진심 우울해졌네요,우울
기분 우울했죠,우울
이런 우울해졌네요,우울
저런 기분 우울할 때 그래,우울
우울해졌네요,우울
정말 우울하네요,우울
이 거 우울하네요,우울
정말 기분 우울하고만,우울
기분 진심 쓸쓸하네요,우울
그러게 진심 쓸쓸합니다,우울
정말 쓸쓸하네요,우울
살짝 쓸쓸해요,우울
쓸쓸해요,우울
쓸쓸합니다,우울
살짝 쓸쓸하네요,우울
기분 쓸쓸해졌네요,우울
기분 쓸쓸할 때,우울
이런 쓸쓸해졌네요,우울
저런 기분 쓸쓸했죠,우울
쓸쓸해졌네요,우울
정말 진심 쓸쓸하네요,우울
이 거 쓸쓸하네요,우울
정말 기분 쓸쓸하고만,우울
쓸쓸하네요 정말 기분,우울
우울하네요 기분 정말,우울
너 기분 우울하나요,우울하니
너도 그러게 우울하니,우울하니
정말 우울하냐,우울하니
살짝 우울하니,우울하니
우울하니,우울하니
당신 우울하니,우울하니
살짝 우울하냐,우울하니
기분 진심 우울하니,우울하니
기분 우울했어,우울하니
이런 우울하니,우울하니
저런 너도 기분 우울했어,우울하니
우울하니,우울하니
정말 우울하나요,우울하니
이 거 우울하냐,우울하니
정말 기분 우울하나보네,우울하니
기분 너도 진심 쓸쓸하나요,우울하니
그러게 진심 쓸쓸하니,우울하니
정말 쓸쓸하냐,우울하니
살짝 쓸쓸하니,우울하니
쓸쓸하니,우울하니
당신 쓸쓸하니,우울하니
살짝 쓸쓸하나요,우울하니
기분 쓸쓸하니,우울하니
기분 쓸쓸했어,우울하니
이런 쓸쓸하니,우울하니
저런 당신도 기분 쓸쓸했어,우울하니
쓸쓸하니,우울하니
너 정말 진심 쓸쓸하냐,우울하니
이 거 쓸쓸하냐,우울하니
정말 기분 쓸쓸하나보네,우울하니
너도 우울합니까 기분,우울하니
우울합니까 너도 기분 너도,우울하니
기분 쓸쓸했어,우울하니
이런 쓸쓸하니,우울하니
저런 너도 기분 쓸쓸했어,우울하니
쓸쓸하니,우울하니
너 정말 진심 쓸쓸하냐,우울하니
이 거 쓸쓸하냐,우울하니
정말 기분 쓸쓸하나보네,우울하니
너도 우울한가요기분,우울하니
우울한가요 너도 기분 너도,우울하니
이 거 우울하냐요,우울하니
정말 기분 우울하나보죠,우울하니
기분 너도 진심 쓸쓸하나요,우울하니
그러게 진심 쓸쓸하나요,우울하니
정말 쓸쓸하냐요,우울하니
살짝 쓸쓸하나죠,우울하니
쓸쓸하나요,우울하니
너 쓸쓸하나요,우울하니
살짝 쓸쓸하나죠,우울하니
기분 쓸쓸하나요,우울하니
기분 쓸쓸했어요,우울하니
이런 쓸쓸하나죠,우울하니
저런 너도 기분 쓸쓸했어요,우울하니
쓸쓸하나요,우울하니
너 정말 진심 쓸쓸하냐죠,우울하니
이 거 쓸쓸하냐요,우울하니
정말 기분 쓸쓸하나보네요,우울하니
너도 우울하니 우울합니까,우울하니
우울합니까 당신도 기분 너도요,우울하니
기분 쓸쓸했어요,우울하니
이런 쓸쓸하나요,우울하니
저런 너도 기분 쓸쓸했죠,우울하니
쓸쓸하나요,우울하니
너 정말 진심 쓸쓸하냐죠,우울하니
이 거 쓸쓸하냐요,우울하니
정말 기분 쓸쓸하나보죠,우울하니
너도 우울한가요 우울합니까,우울하니
우울한가요 너도 기분 당신도요,우울하니
절망했어,절망
절망스럽다,절망
진심 절망,절망
정말스럽네,절망
절망하네,절망
절망했다고,절망
진짜 절망해,절망
됐다 절망스러울 때,절망
나 절망했어,절망
나 절망하다고,절망
나 진짜 절망했어,절망
걔 절망했어,절망
아까 진심 절망하었지,절망
너무 절망스러울 때,절망
됐다 절망했어,절망
나 진심 개 절망,절망
아 엄청 절망했어,절망
완전 절망하죠 지금,절망
지금 나 완전 절망스러울 때 그렇지,절망
나 엄청 절망했거든 지금,절망
지금 나 엄청 절망했어,절망
나 엄청 절망에 빠져있어,절망
지금 나 절망에 빠져있어,절망
엄청나게 절망에 빠져있어,절망
나 엄청나게 절망에 빠져있어,절망
절망,절망
나 정말 절망했어,절망
됐죠 절망스러울 때 그래,절망
나 진심 개 절망,절망
아 엄청 절망했어,절망
완전 절망했다 지금,절망
지금 나 완전 절망했어,절망
나 엄청 절망했거든 지금,절망
지금 나 엄청 절망스러울 때 그래,절망
나 엄청 절망에 빠져있어,절망
지금 나 절망에 빠져있어,절망
엄청나게 절망에 빠져있어,절망
나 엄청나게 절망에 빠져있어,절망
절망,절망
절망했어요,절망
절망스럽다,절망
진심 절망스러워,절망
정말스럽네요,절망
절망했네요,절망
절망했다고죠,절망
진짜 절망했어요,절망
됐다 절망스러울 때 그래요,절망
나 절망했어요,절망
나 절망했다고죠,절망
나 진짜 절망했어요,절망
걔 절망했어요,절망
아까 진심 절망했었지요,절망
너무 절망스러울 때 그랬죠,절망
됐죠 절망했어요,절망
나 진심 개 절망스러워,절망
아 엄청 절망했어요,절망
완전 절망했다 지금,절망
지금 나 완전 절망했어요,절망
나 엄청 절망했거든 지금요,절망
지금 나 엄청 절망스러울 때 그래요,절망
나 엄청 절망에 빠져있어요,절망
지금 나 절망에 빠져있어요,절망
엄청나게 절망에 빠져있어요,절망
나 엄청나게 절망에 빠져있어요,절망
절망스럽죠,절망
나 정말 절망했어요,절망
됐다 절망했어요,절망
나 진심 개 절망스럽죠,절망
아 엄청 절망했어요,절망
완전 정말스럽죠 지금요,절망
지금 나 완전 정말스럽어요,절망
나 엄청 정말스럽거든 지금,절망
지금 나 엄청 정말스럽어요,절망
나 엄청 절망에 빠져있어요,절망
지금 나 절망에 빠져있어요,절망
엄청나게 절망에 빠져있어요,절망
나 엄청나게 절망에 빠져있어요,절망
절망스러워,절망
정말스럽습니다,절망
절망스럽다,절망
진심 절망스럽죠,절망
정말스럽네요,절망
절망하네요,절망
절망했다고요,절망
진짜 정말스럽습니다,절망
됐다 정말스럽습니다,절망
나 정말스럽습니다,절망
나 정말스럽다고죠,절망
나 진짜 정말스럽습니다,절망
걔 절망했습니다,절망
아까 진심 정말스럽었지요,절망
너무 정말스럽습니다,절망
됐다 정말스럽습니다,절망
나 진심 개 절망스러워,절망
아 엄청 정말스럽습니다,절망
완전 정말스럽다 지금요,절망
지금 나 완전 정말스럽습니다,절망
나 엄청 절망하거든 지금,절망
지금 나 엄청 절망했습니다,절망
나 엄청 절망에 빠져있습니다,절망
지금 나 절망에 빠져있습니다,절망
엄청나게 절망에 빠져있습니다,절망
나 엄청나게 절망에 빠져있습니다,절망
절망스러워,절망
나 정말 정말스럽습니다,절망
됐다 정말스럽습니다,절망
나 진심 개 절망스러워,절망
아 엄청 정말스럽습니다,절망
완전 정말스럽다 지금요,절망
지금 나 완전 정말스럽습니다,절망
나 엄청 절망하거든 지금,절망
지금 나 엄청 정말스럽습니다,절망
나 엄청 절망에 빠져있습니다,절망
지금 나 절망에 빠져있습니다,절망
엄청나게 절망에 빠져있습니다,절망
나 엄청나게 절망에 빠져있습니다,절망
절망스러워,절망
허걱 너도 절망했니,절망했니
헐 너 절망했지,절망했니
절망했었지 너,절망했니
조금 절망하냐,절망했니
절망하니,절망했니
정말 절망하니,절망했니
정말 절망했었니,절망했니
진짜 절망했었니,절망했니
너 정말 절망했니,절망했니
너도 진심 절망했죠,절망했니
너도 절망하니,절망했니
너 진짜 절망했지 너,절망했니
너도 절망했네,절망했니
너도 절망했구나,절망했니
너 절망하냐,절망했니
조금 절망했지 너,절망했니
절망했니 너,절망했니
정말 절망했었지 너,절망했니
정말 절망했었니 너,절망했니
진짜 진심 절망했었지,절망했니
정말 절망했지,절망했니
절망했구나 너도,절망했니
절망했네 너도,절망했니
진짜 절망했지,절망했니
절망했네 너도,절망했니
절망했죠 너도,절망했니
너 좀 절망했지,절망했니
너 상당히 절망하냐,절망했니
상당히 절망했구나 너,절망했니
진짜 너도 절망했었냐,절망했니
정말 절망했니 너,절망했니
정말 절망했구나 너도,절망했니
절망했네 너도 정말,절망했니
절망했냐 너도 진짜,절망했니
절망했네 너도 진짜,절망했니
절망했구나 너도 정말,절망했니
좀 너 절망했지,절망했니
상당히 너 절망하냐,절망했니
아 너도 절망하냐,절망했니
아 너도 진심 절망했었냐,절망했니
아 너도 절망하니,절망했니
절망했지 아 너도,절망했니
아 너도 절망했었냐,절망했니
아 절망했지도,절망했니
상당히 너 절망했나보네,절망했니
아 너도 절망했나보네,절망했니
아 너도 진심 절망했나보네,절망했니
아 너도 절망했나보네,절망했니
절망했나보네 아 너도,절망했니
허걱 너도 절망했나요,절망했니
헐 너 절망했지,절망했니
절망했었지 너,절망했니
조금 절망했나요,절망했니
절망했나요,절망했니
정말 절망했었나요,절망했니
정말 절망했었나요,절망했니
진짜 절망했었나요,절망했니
너 정말 절망했나요,절망했니
너도 진심 절망했죠요,절망했니
너도 절망했나요,절망했니
너 진짜 절망했지 너,절망했니
너도 절망했네요,절망했니
너도 절망했구나요,절망했니
너 절망했나요,절망했니
조금 절망했지 너,절망했니
절망했니 그런가요,절망했니
정말 절망했었지 그런가요,절망했니
정말 절망했었니 너요,절망했니
진짜 진심 절망했었지도요,절망했니
정말 절망했지요,절망했니
절망했구나 당신도요,절망했니
절망했네 당신도요,절망했니
진짜 절망했지요,절망했니
절망했네 당신도요,절망했니
절망했죠 당신도요,절망했니
너 좀 절망했지,절망했니
너 상당히 절망했나요,절망했니
상당히 절망했구나 그런가요,절망했니
진짜 너도 절망했었나요,절망했니
정말 절망했니 당신,절망했니
정말 절망했구나 당신도요,절망했니
절망했네 너도 정말요,절망했니
절망했냐 너도 진짜요,절망했니
절망했네 너도 진짜요,절망했니
절망했구나 너도 정말요,절망했니
좀 너 절망했지,절망했니
상당히 너 절망했나요,절망했니
아 너도 절망했나요,절망했니
아 너도 진심 절망했었나요,절망했니
아 너도 절망했나요,절망했니
절망했지 아 당신도요,절망했니
아 너도 절망했었나요,절망했니
아 절망했지도요,절망했니
상당히 너 절망했나보네요,절망했니
아 너도 절망했나보네요,절망했니
아 너도 진심 절망했나보네요,절망했니
아 너도 절망했나보네요,절망했니
절망했나보네 아 당신도요,절망했니
나도 짜증나,짜증
나 짜증나지,짜증
짜증나지 나,짜증
조금 짜증나,짜증
짜증나,짜증
정말 짜증나네,짜증
정말 짜증나네,짜증
진짜 짜증나네,짜증
난정말 짜증나,짜증
나도 진심 짜증나죠,짜증
나도 짜증나,짜증
나 진짜 짜증나지 나,짜증
나도 짜증나네,짜증
나도 짜증나구나,짜증
나 짜증나,짜증
조금 짜증나지 나,짜증
짜증난나,짜증
정말 짜증나지 나,짜증
정말 짜증나네 나,짜증
진짜 진심 짜증나지,짜증
정말 짜증나지,짜증
짜증나구나 나도,짜증
짜증나네 나도,짜증
진짜 짜증나지,짜증
짜증나네 나도,짜증
짜증나죠 나도,짜증
나 좀 짜증나지,짜증
난상당히 짜증나,짜증
상당히 짜증나구나 나,짜증
진짜 나도 짜증나네,짜증
정말 짜증나 나,짜증
정말 짜증나는군,짜증
짜증나네 나도 정말,짜증
짜증나 나도 진짜,짜증
짜증나네 나도 진짜,짜증
짜증나구나 나도 정말,짜증
좀 난 짜증나지,짜증
상당히 나 짜증나,짜증
아 나도 짜증나,짜증
아 나도 진심 짜증나네,짜증
아 나도 짜증나,짜증
짜증나지 아 나도,짜증
아 나도 짜증나네,짜증
아 짜증난다고,짜증
상당히 나 짜증나거든,짜증
아 나도 짜증나거든,짜증
아 나도 진심 짜증나거든,짜증
아 나도 짜증나거든,짜증
짜증나거든 아 나도,짜증
나도 짜증나거든,짜증
난 짜증나지,짜증
짜증나지 나,짜증
조금 짜증나거든,짜증
짜증나거든,짜증
정말 짜증나네요,짜증
정말 짜증나네요,짜증
진짜 짜증나네요,짜증
나 정말 짜증나거든,짜증
나도 진심 짜증나죠요,짜증
나도 짜증나거든,짜증
난진짜 짜증나지 나,짜증
나도 짜증나네요,짜증
나도 짜증나구나요,짜증
나 짜증나거든요,짜증
조금 짜증나지 나,짜증
짜증나 그런가요,짜증
정말 짜증나지 그런가요,짜증
정말 짜증나네 나요,짜증
진짜 진심 짜증난다고요,짜증
정말 짜증나지요,짜증
짜증나는군요,짜증
짜증나네 나도요,짜증
진짜 짜증나지요,짜증
짜증나네 나도요,짜증
짜증나죠 나도요,짜증
나 좀 짜증나지,짜증
나 상당히 짜증나거든요,짜증
상당히 짜증나난그런가요,짜증
진짜 나도 짜증나네요,짜증
정말 짜증나 당신,짜증
정말 짜증나구나 나도요,짜증
짜증나네 나도 정말요,짜증
짜증난다 진짜요,짜증
짜증나네 나도 진짜요,짜증
짜증나구나 나도 정말요,짜증
좀 나 짜증나지,짜증
상당히 난 짜증나거든요,짜증
아 나도 짜증나거든요,짜증
아 나도 진심 짜증나네요,짜증
아 나도 짜증나거든요,짜증
짜증나지 아 나도요,짜증
아 나도 짜증나네요,짜증
아 짜증난다고요,짜증
상당히 나 짜증나거든요,짜증
아 나도 짜증나거든요,짜증
아 나도 진심 짜증나거든요,짜증
아 나도 짜증나거든요,짜증
짜증나거든 아 나도요,짜증
너도 짜증나니,짜증나니
너 짜증나지,짜증나니
짜증나었지 너,짜증나니
조금 짜증나냐,짜증나니
짜증나니,짜증나니
정말 짜증났었니,짜증나니
정말 짜증났었니,짜증나니
진짜 짜증났었니,짜증나니
너 정말 짜증나니,짜증나니
너도 진심 짜증나죠,짜증나니
너도 짜증나니,짜증나니
너 진짜 짜증나지 너,짜증나니
너도 짜증나네,짜증나니
너도 짜증나구나,짜증나니
너 짜증나냐,짜증나니
조금 짜증나지 너,짜증나니
짜증나니 너,짜증나니
정말 짜증나었지 너,짜증나니
정말 짜증났었니 너,짜증나니
진짜 진심 짜증나었지,짜증나니
정말 짜증나지,짜증나니
짜증나구나 너도,짜증나니
짜증나네 너도,짜증나니
진짜 짜증나지,짜증나니
짜증나네 너도,짜증나니
짜증나죠 너도,짜증나니
너 좀 짜증나지,짜증나니
너 상당히 짜증나냐,짜증나니
상당히 짜증나구나 너,짜증나니
진짜 너도 짜증나었냐,짜증나니
정말 짜증나니 너,짜증나니
정말 짜증나구나 너도,짜증나니
짜증나네 너도 정말,짜증나니
짜증나냐 너도 진짜,짜증나니
짜증나네 너도 진짜,짜증나니
짜증나구나 너도 정말,짜증나니
좀 너 짜증나지,짜증나니
상당히 너 짜증나냐,짜증나니
아 너도 짜증나냐,짜증나니
아 너도 진심 짜증나었냐,짜증나니
아 너도 짜증나니,짜증나니
짜증나지 아 너도,짜증나니
아 너도 짜증나었냐,짜증나니
아 짜증나지도,짜증나니
상당히 너 짜증나나보네,짜증나니
아 너도 짜증나나보네,짜증나니
아 너도 진심 짜증나나보네,짜증나니
아 너도 짜증나나보네,짜증나니
짜증나나보네 아 너도,짜증나니
너도 짜증나나요,짜증나니
너 짜증나지,짜증나니
짜증나었지 너,짜증나니
조금 짜증나나요,짜증나니
짜증나나요,짜증나니
정말 짜증나었나요,짜증나니
정말 짜증나었나요,짜증나니
진짜 짜증나었나요,짜증나니
너 정말 짜증나나요,짜증나니
너도 진심 짜증나죠요,짜증나니
너도 짜증나나요,짜증나니
너 진짜 짜증나지 너,짜증나니
너도 짜증나네요,짜증나니
너도 짜증나구나요,짜증나니
너 짜증나나요,짜증나니
조금 짜증나지 너,짜증나니
짜증나니 그런가요,짜증나니
정말 짜증나었지 그런가요,짜증나니
정말 짜증났었니 너요,짜증나니
진짜 진심 짜증나었지도요,짜증나니
정말 짜증나지요,짜증나니
짜증나구나 너도요,짜증나니
짜증나네 너도요,짜증나니
진짜 짜증나지요,짜증나니
짜증나네 너도요,짜증나니
짜증나죠 너도요,짜증나니
너 좀 짜증나지,짜증나니
너 상당히 짜증나나요,짜증나니
상당히 짜증나구나 그런가요,짜증나니
진짜 너도 짜증나었나요,짜증나니
정말 짜증나니 당신,짜증나니
정말 짜증나구나 너도요,짜증나니
짜증나네 너도 정말요,짜증나니
짜증나냐 너도 진짜요,짜증나니
짜증나네 너도 진짜요,짜증나니
짜증나구나 너도 정말요,짜증나니
좀 너 짜증나지,짜증나니
상당히 너 짜증나나요,짜증나니
아 너도 짜증나나요,짜증나니
아 너도 진심 짜증나었나요,짜증나니
아 너도 짜증나나요,짜증나니
짜증나지 아 너도요,짜증나니
아 너도 짜증나었나요,짜증나니
아 짜증나지도요,짜증나니
상당히 너 짜증나나보네요,짜증나니
아 너도 짜증나나보네요,짜증나니
아 너도 진심 짜증나나보네요,짜증나니
아 너도 짜증나나보네요,짜증나니
짜증나나보네 아 너도요,짜증나니
행복할 때 그래,행복
행복하네,행복
저 진짜 행복해,행복
정말 행복하다,행복
행복하네,행복
행복하거든,행복
행복하죠,행복
행복하네,행복
진짜 행복해서,행복
나 행복하네,행복
내 너무 행복할 때 그래,행복
최고 행복해,행복
너무 행복하다,행복
최고 행복하네,행복
정말 너무 행복하거든,행복
진짜 최고 행복,행복
최고 행복,행복
상당히 행복하죠,행복
진심 행복해,행복
완전 행복하네,행복
완전 행복할 때 그래서,행복
짱 행복해,행복
완전 짱이야,행복
상당히 행복해,행복
정말 행복하네,행복
진심 행복하거든,행복
행복하거든,행복
너무 행복할 때 그래서 그랬어,행복
너무 행복하으니까,행복
행복하으니까,행복
행복하지 당연히,행복
당연히 행복하지,행복
정말 너무 행복하다,행복
행복해,행복
해피,행복
happy,행복
해피 해피,행복
너무 해피,행복
정말 해피 해피,행복
정말 최고 행복 해피한,행복
진심 너무 행복하다,행복
너무 행복한데,행복
이렇게 행복하다니,행복
이렇게나 행복할 줄,행복
정말 최고 행복한데,행복
진심 너무 행복하다,행복
진짜 행복해,행복
진심 행복해,행복
진짜 행복해,행복
정말 행복해,행복
저 정말 행복해,행복
나 진심 행복해,행복
상당히 행복하죠,행복
진심 행복하죠,행복
완전 행복하네요,행복
완전 행복해서요,행복
짱 행복하죠,행복
완전 짱이야요,행복
상당히 행복해요,행복
정말 행복하죠,행복
진심 행복하거든요,행복
행복하거든요,행복
너무 행복할 때 그래서 그랬어요,행복
너무 행복하으니까요,행복
행복하으니까요,행복
행복하지 당연히요,행복
당연히 행복하지요,행복
정말 너무 행복하죠,행복
행복해요,행복
해피하죠,행복
happy요,행복
해피 해피하죠,행복
너무 행복해 하네요,행복
행복하죠,행복
해피해피하죠,행복
너무 해피하죠,행복
정말 해피 해피하죠,행복
정말 최고 행복 해피한,행복
진심 너무 행복하다,행복
너무 행복한데,행복
이렇게 행복하다니요,행복
이렇게나 행복할 줄요,행복
정말 최고 행복한데,행복
진심 너무 행복하다,행복
진짜 행복했습니다,행복
진심 행복합니다,행복
진짜 행복했습니다,행복
정말 행복합니다,행복
저 정말 행복했습니다,행복
나 진심 행복했습니다,행복
행복해요,행복
해피하죠,행복
happy요,행복
해피 해피하죠,행복
너무 행복해 하네요,행복
진심 너무 행복하다,행복
진짜 행복했습니다,행복
진심 행복했습니다,행복
진짜 행복했습니다,행복
정말 행복했습니다,행복
정말 해피 해피하죠,행복
정말 최고 행복 해피한,행복
진심 너무 행복하다,행복
너무 행복한데,행복
이렇게 행복하다니요,행복
이렇게나 행복할 줄요,행복
정말 최고 행복한데,행복
진심 너무 행복하다,행복
진짜 행복했습니다,행복
진심 행복했습니다,행복
진짜 행복했습니다,행복
정말 행복했습니다,행복
저 정말 행복했습니다,행복
저 진심 행복합니다,행복
행복해요,행복
해피하죠,행복
happy요,행복
해피 해피하죠,행복
너무 행복해 하죠,행복
진심 너무 행복하다,행복
진짜 행복합니다,행복
진심 행복했습니다,행복
진짜 행복했습니다,행복
정말 행복합니다,행복
행복하니,행복하니
행복하냐,행복하니
너 진짜 행복하니,행복하니
정말 행복하냐,행복하니
행복하냐,행복하니
행복하니,행복하니
행복하니,행복하니
행복하냐,행복하니
진짜 행복하니,행복하니
너 행복하냐,행복하니
네 너무 행복하니,행복하니
최고 행복하니,행복하니
너무 행복하냐,행복하니
최고 행복하냐,행복하니
정말 너무 행복하니,행복하니
진짜 최고 행복,행복하니
최고 행복,행복하니
상당히 행복하니,행복하니
진심 행복하니,행복하니
완전 행복하냐,행복하니
완전 행복하니,행복하니
짱 행복하니,행복하니
완전 짱이니,행복하니
상당히 행복하니,행복하니
정말 행복하냐,행복하니
진심 행복하니,행복하니
행복하니,행복하니
너무 행복하니,행복하니
너무 행복하십니까,행복하니
행복하십니까,행복하니
행복하니 당연히,행복하니
행복하니,행복하니
정말 너무 행복하냐,행복하니
진심 너무 행복하냐,행복하니
너무 행복하냐,행복하니
이렇게 행복하냐니,행복하니
이렇게너 행복하을줄,행복하니
정말 최고 행복하냐,행복하니
진심 너무 행복하냐,행복하니
진짜 행복하니,행복하니
진심 행복하니,행복하니
진짜 행복하니,행복하니
정말 행복하니,행복하니
너 정말 행복하니,행복하니
너 진심 행복하니,행복하니
행복한가요,행복하니
행복하나요,행복하니
너 진짜 행복한가요,행복하니
정말 행복하나요,행복하니
행복하나요,행복하니
행복한가요,행복하니
행복한가요,행복하니
행복하나요,행복하니
진짜 행복한가요,행복하니
너 행복하나요,행복하니
네 너무 행복한가요,행복하니
최고 행복한가요,행복하니
너무 행복하나요,행복하니
최고 행복하나요,행복하니
정말 너무 행복한가요,행복하니
진짜 최고 행복,행복하니
최고 행복,행복하니
상당히 행복한가요,행복하니
진심 행복한가요,행복하니
완전 행복하나요,행복하니
완전 행복한가요,행복하니
짱 행복한가요,행복하니
완전 짱이은가요,행복하니
상당히 행복한가요,행복하니
정말 행복하나요,행복하니
진심 행복한가요,행복하니
행복한가요,행복하니
너무 행복한가요,행복하니
너무 행복하십니까,행복하니
행복하십니까,행복하니
행복하니 당연히,행복하니
행복한가요,행복하니
정말 너무 행복하나요,행복하니
진심 너무 행복하냐,행복하니
너무 행복하냐,행복하니
이렇게 행복하냐은가요,행복하니
이렇게너 행복하을줄,행복하니
정말 최고 행복하냐,행복하니
진심 너무 행복하냐,행복하니
진짜 행복하니,행복하니
진심 행복한가요,행복하니
진짜 행복하니,행복하니
정말 행복한가요,행복하니
너 정말 행복하니,행복하니
너 진심 행복하나요,행복하니
완전 행복한가요,행복하니
짱 행복하죠,행복하니
완전 짱이죠,행복하니
상당히 행복한가요,행복하니
정말 행복하나요,행복하니
진심 행복하죠,행복하니
행복하죠,행복하니
너무 행복한가요,행복하니
너무 행복하십니까,행복하니
행복하십니까,행복하니
행복하니 당연히,행복하니
행복하죠,행복하니
정말 너무 행복하나요,행복하니
진심 너무 행복하냐,행복하니
너무 행복하냐,행복하니
이렇게 행복하냐죠,행복하니
이렇게너 행복하을줄,행복하니
정말 최고 행복하냐,행복하니
진심 너무 행복하냐,행복하니
진짜 행복하니,행복하니
진심 행복한가요,행복하니
진짜 행복하니,행복하니
정말 행복하죠,행복하니
너 정말 행복하니,행복하니
너 진심 행복하나요,행복하니
진짜 화난다,화남
화났어,화남
정말 화나네,화남
화 머리 끝까지,화남
나 진짜 화났다,화남
나 화났어,화남
너 화났어,화남
화났냐,화났니
너 화났냐,화났니
화나냐,화났니
너 화나냐,화났니
너 혹시 화났냐,화났니
너 방금 화낸거냐,화났니
너 혹시 화나냐,화났니
어제 했었지,과거계획
그제 했었어,과거계획
저번 주에 앴지,과거계획
당연히 했었지,과거계획
당근 했지,과거계획
전에 한 번 했지,과거계획
저번 달에 몇 번 했지,과거계획
그때 했었지,과거계획
전에 했었어,과거계획
옛날에 했지,과거계획
예전에는 했었어,과거계획
예전엔 했지,과거계획
해야지,미래계획
곧 하려고,미래계획
할 생각이야,미래계획
하려고 하고 있어,미래계획
고맙니,감사하니
너도 고맙니,감사하니
너도 감사하니,감사하니
너 감사하니,감사하니
고맙니,감사하니
고맙냐,감사하니
너도 고맙냐,감사하니
너도 감사하냐,감사하니
너 나한테 감사하냐,감사하니
너 나한테 고맙냐,감사하니
나한테 고맙니,감사하니
모두 네 덕분이야,감사함
고마워,감사함
고맙다 고마워,감사함
고맙단다,감사함
그래 고마워,감사함
그래 고맙다,감사함
진짜 고마워,감사함
고맙다,감사함
고맙구나,감사함
감사해요,감사함
감사합니다,감사함
감사해,감사함
고마워요,감사함
도와줘서 고마워,감사함
고마워 정말,감사함
좋아 고마워,감사함
덕분에 고마워,감사함
훌륭해 고마워,감사함
도움이 많이 됐어 고마워,감사함
정말 고마워,감사함
너한테 고마워,감사함
너가 너무 고마워,감사함
너가 고맙다,감사함
갑사해,감사함
진짜 감사해,감사함
너무 감사해,감사함
정말 감사해,감사함
한테 너무 고마워,감사함
너무 고마울 뿐이지,감사함
정말 고마울 뿐,감사함
긁고 싶어,간지러움
가려워,간지러움
너무 가려워,간지러움
근질근질,간지러움
간질간질,간지러움
간지러워 죽겠다,간지러움
간지러워 죽겠다,간지러움
긇어줘,간지러움
긁어주라,간지러움
긁어줘,간지러움
긁고 싶어,간지러움
가려워,간지러움
너무 가려워,간지러움
근질근질,간지러움
간질간질,간지러움
간지러워서 미치겠네,간지러움
너무 간지럽거든,간지러움
너무 간지라워서,간지러움
간지러워서 죽겠네,간지러움
간질 간질 미치겠네,간지러움
간질 간질해,간지러움
근질 근질 하지,간지러움
간지러운데 못 긁고 있어,간지러움
아 너무 긁고싶다,간지러움
긁고 싶어,간지러움
간지러워,간지러움
힘을 줘,도와줘
힘들다,도와줘
헬프 미,도와줘
저를 도와주세요,도와줘
저를 도와 주실 수 있으신가요,도와줘
뭐 좀 해주면 좋겠어,도와줘
문제를 해결하게 도와줘,도와줘
모르겠어,도와줘
도움이 필요해,도와줘
도움,도와줘
도와줘,도와줘
도와줄래,도와줘
도와줄 수 있을까,도와줘
도와줄 수 있어,도와줘
도와줄 수 있니,도와줘
도와줄 거야,도와줘
도와주면 좋겠는데,도와줘
도와주라,도와줘
도와 주세요,도와줘
네 도움이 필요해,도와줘
나를 도와주세요,도와줘
나 좀 도와줘,도와줘
나 도와줄래,도와줘
help me,도와줘
어떻게 할까,고민
어떻게 하지,고민
어떻게 하면 좋을까,고민
뭘 하면 좋을까,고민
뭐 하면 좋을까,고민
뭐 고를까,고민
뭘 고를까,고민
뭐 나을까,고민
뭐 좋을까,고민
중에 뭐 먹을까,선택
중에 뭘 고를까,선택
어떤게 나아,선택
어떤게 낫니,선택
그 것 중에서 뭐가 낫니,고민
뭐 입어야 하지,고민
뭐 먹어야 하지,고민
뭐 봐야 하지,고민
뭐 사야 하지,고민
뭐 해야 하지,고민
뭐 골라야 하지,고민
뭐 먹을까,고민
뭐 입을까,고민
뭐 볼까,고민
뭐 살까,고민
뭘 할까,고민
뭘 고를까,고민
뭘 입어야하지,고민
뭘 먹어야하지,고민
뭘 봐야하지,고민
뭘 사야하지,고민
뭘 해야하지,고민
뭘 골라야하지,고민
뭘 먹을까,고민
뭘 입을까,고민
뭘 볼까,고민
뭘 살까,고민
어떤 거 먹을까,고민
어떤 거 입을까,고민
어떤 거 볼까,고민
어떤 거 살까,고민
어떤 걸 먹을까,고민
어떤 걸 입을까,고민
어떤 걸 볼까,고민
어떤 걸 살까,고민
어떻게 할지 모르겠어,고민
어떤 걸 살지 모르겠네,고민
어떻게 볼지 모르겠어,고민
어떤 걸 먹을지 모르겠네,고민
어떻게 찾을지 모르겠어,고민
어떤 걸 추지 모르겠네,고민
어떻게 먹을지 모르겠어,고민
어떤 걸 쏠지 모르겠네,고민
어떻게 지를지 모르겠어,고민
어떤 걸 잃지 모르겠네,고민
어떻게 하는 건지 모르겠네,고민
어떻게 먹는 건지 모르겠네,고민
내 때렸어,때림
친구 때렸어,때림
그 때렸어,때림
어제 때렸어,때림
아까 때렸어,때림
잘 모르겠는데,모름
모르겠어,모름
모른다,모름
모른다고,모름
모른다니까,모름
몰라,모름
아니 몰라,모름
모르겠네,모름
몰라,모름
모르겠다고,모름
잘 모르겠네,모름
난 진짜 모르겠어,모름
정말 모르겠네,모름
난 모르겠어,모름
진심 모르겠다,모름
하나도 모르겠어,모름
하나도 모르겠네,모름
하나도 몰라,모름
정말 진심 모르겠어,모름
괜찮을 거야,위로함
걱정 마,위로함
위로 해줄게,위로함
괜찮아 다 괜찮을 거야,위로함
괜찮을 거야 걱정 마,위로함
위로 해주라,위로해줘
위로 해줄 수 있니,위로해줘
괜찮다고 해줘,위로해줘
위로 해줘,위로해줘
혹시 없냐,없니
너 혹시 없냐,없니
혹시 없냐고,없니
그런 게 없니,없니
그러면 없냐,없니
것 도 없어,없니
게 없었나,없니
하는 없었지,없니
없는가,없니
는게 없는가,없니
없냐고 내가,없니
없었냐고 네가,없니
저 거 없냐,없니
네 없었니,없니
너도 그런 게 없었니,없니
것도 없니,없니
너 없냐고,없니
없니,없니
없냐,없니
아까 그 거 없나,없니
없었는가,없니
에이 그런 건 없을까,없니
그런 게 없었을까,없니
그럼 그런 것도 없니,없니
없었나,없니
그 것도 없었나,없니
없었나,없니
도 없었지,없니
없었나,없니
했던 거 없나,없니
없나,없니
과연 없는가,없니
없을까,없니
없었을까,없니
정말 없었을지,없니
게 없었던지,없니
없었을지 나는,없니
그런 게 없나,없니
없었던가,없니
그런 게 없을까,없니
아니 없냐고,없니
아까 없던가,없니
너 없냐,없니
그런 없냐,없니
나는 겠는데 것 없었나,없니
그 것도 없었던가,없니
나 혹시 없냐,없니
하던게 없었나,없니
그런 것도 없었나,없니
방금 그런 없나,없니
아하 없나,없니
아 없냐,없니
혹시 있냐,있니
너 혹시 있냐,있니
혹시 있냐고,있니
그런 게 있니,있니
그러면 있냐,있니
것 도 있어,있니
게 있었나,있니
하는 있었지,있니
있는가,있니
는게 있는가,있니
있냐고 내가,있니
있었냐고 네가,있니
네 있었니,있니
너도 그런 게 있었니,있니
것도 있니,있니
너 있냐고,있니
있니,있니
있냐,있니
있었는가,있니
에이 그런 건 있을까,있니
그런 게 있었을까,있니
그럼 그런 것도 있니,있니
있었나,있니
그 것도 있었나,있니
있었나,있니
도 있었지,있니
있었나,있니
했던 거 있나,있니
있나,있니
과연 있는가,있니
있을까,있니
있었을까,있니
정말 있었을지,있니
게 있었던지,있니
있었을지 나는,있니
그런 게 있나,있니
있었던가,있니
그런 게 있을까,있니
아니 있냐고,있니
아까 있던가,있니
너 있냐,있니
그런 있냐,있니
나는 겠는데 것 있었나,있니
그 것도 있었던가,있니
나 혹시 있냐,있니
하던게 있었나,있니
그런 것도 있었나,있니
방금 그런 있나,있니
아하 있나,있니
아 있냐,있니
혹시 누군데,누구니
누구였지,누구니
누구래,누구니
누가 그랬는데,누구니
누가 그랬어,누구니
이 사람 누구야,누구니
저 사람 누구야,누구니
누가,누구니
누가 했어,누구니
누구와,누구니
누구랑,누구니
그 게 누구였어,누구니
누가 그래,누구니
누가 그랬길래,누구니
이 사람 누군데,누구니
누구였니,누구니
그 게 누군데,누구니
누가 는데,누구니
누가 했는데,누구니
누구와,누구니
누구랑 했는데,누구니
누구랑 는데,누구니
그 게 누군데,누구니
그 게 누구야,누구니
누구여,누구니
아니 그 게 누군데,누구니
누구였는데,누구니
누구니,누구니
이게 누구,누구니
그 사람 누군데,누구니
누구랑 했는데,누구니
그 게 혹시 누군데,누구니
누구였는데,누구니
누구냐고,누구니
이거 누구니,누구니
누가 그랬는데,누구니
누군가 그랬었니,누구니
누군가 그랬네,누구니
아까 누군데,누구니
누구신지,누구니
혹시 누구신지,누구니
아니 누구랑,누구니
헐 누구랑,누구니
누구였는가,누구니
누구와 함께,누구니
뭐 해,뭐해
너 뭐 해,뭐해
너 뭐 하냐,뭐해
뭐 하니,뭐해
뭐 하는데,뭐해
뭐 하고,뭐해
뭐 하고 있는데,뭐해
뭐 하고 있었어,뭐해
뭐 하고 있어,뭐해
너 뭐 하는데,뭐해
너 뭐 했는데,뭐해
뭐 했는데,뭐해
지금 뭐 해,뭐해
아까 뭐 했어,뭐해
뭐 하는데,뭐해
뭐 했었는데,뭐해
너 혹시 뭐 했냐,뭐해
매일 놀고 싶어,놀음
놀아줘 놀아줘,놀음
놀아줘,놀음
놀아주세요,놀음
놀아주라,놀음
놀아 줄거지,놀음
놀고 싶다,놀음
놀고 싶니,놀음
놀고 싶구나,놀음
나랑 놀자,놀음
그냥 놀래,놀음
놀고 싶어,놀음
놀러 와라,놀음
놀러가고싶다,놀음
놀러가기 딱 좋은 날씨다,놀음
우리 같이 놀자,놀음
나랑 놀아줘,놀음
연주하다,연주
연주해줘,연주
연주 해줄래,연주
연주,연주
그 거 연주,연주
기타 연주해줘,연주
바이올린 연주해줘,연주
아리랑 연주해줘,연주
지금 연주해줘,연주
연주해,연주
네이버,기업
구글,기업
야후,기업
다음,기업
네이트,기업
페이스북,기업
네이버 사이트,기업
구글 사이트,기업
야후 사이트,기업
다음 사이트,기업
네이트 사이트,기업
페이스북 사이트,기업
삼성,기업
현대,기업
씨제이,기업
CJ,기업
신세계,기업
현대 자동차,기업
LG,기업
NHN,기업
엘지,기업
엘쥐,기업
에스케이,기업
SK,기업
롯데,기업
한화,기업
금호,기업
포스코,기업
GS,기업
지에스,기업
쥐에스,기업
농협,기업
케이티,기업
KT,기업
미래에셋,기업
대우,기업
KCC,기업
케이씨씨,기업
애플,기업
마이크로소프트,기업
아마존,기업
알리바바,기업
텐센트,기업
모건,기업
아디다스,기업
보잉,기업
버버리,기업
아모레퍼시픽,기업
이마트,기업
GM,기업
나이키,기업
알리바바,기업
인텔,기업
트위터,기업
화웨이,기업
샤오미,기업
웨이보,기업
폭스콘,기업
카카오,기업
도요타,기업
폭스바겐,기업
벤츠,기업
BMW,기업
비엠더블유,기업
혼다,기업
포드,기업
아우디,기업
롤스로이스,기업
넷플릭스,기업
책상,가구
식탁,가구
책 상,가구
책 꽂이,가구
창문,가구
문,가구
서랍,가구
내 책상,가구
밥상,가구
밥 상,가구
서랍장,가구
장롱,가구
이불 장롱,가구
의자,가구
바지,의류
치마,의류
연필,필기구
볼펜,필기구
펜,필기구
지우개,필기구
꽃게,갑각류
맛있는 게,갑각류
대게,갑각류
가재,갑각류
랍스터,갑각류
새우,갑각류
새우 소금구이,갑각류
갑각류,갑각류
꽃게 껍질,갑각류
대하,갑각류
그 새우,갑각류
그 꽃게,갑각류
그 대게,갑각류
꽃게,갑각류
강아지,강아지
개,강아지
나 너무 강아지,강아지
이런 강아지,강아지
저 강아지 너무,강아지
저 개 너무,강아지
귀여운 강아지,강아지
불쌍한 강아지,강아지
귀여운 멍멍이,강아지
멍멍이,강아지
멍뭉이,강아지
진돗개,강아지
골든 리트리버,강아지
골든리트리버,강아지
마티즈,강아지
말티즈,강아지
고양이,고양이
개,고양이
나 너무 고양이,고양이
이런 고양이,고양이
저 고양이 너무,고양이
저 개 너무,고양이
귀여운 고양이,고양이
불쌍한 고양이,고양이
귀여운 야옹이,고양이
야옹이,고양이
냐옹이,고양이
페르시안 고양이,고양이
개미,곤충벌레
꿀벌,곤충벌레
벌,곤충벌레
말벌,곤충벌레
장수 말벌,곤충벌레
장수말벌,곤충벌레
번데기,곤충벌레
애벌레,곤충벌레
벌레,곤충벌레
곤충,곤충벌레
티라노사우루스,공룡
공룡,공룡
브라키오사우루스,공룡
멸종한 공룡,공룡
곰팡이,균계
곰팡이 피네,균계
곰팡이 피었네,균계
더러운 곰팡이,균계
진짜 더러운 곰팡이,균계
곰팡이 냄새,균계
싫은 곰팡이,균계
누룩 곰팡이,균계
곰팡이 피네,균계
곰팡이 피었네,균계
더러운 곰팡이,균계
진짜 더러운 누룩 곰팡이,균계
곰팡이 냄새,균계
누룩 곰팡이,균계
꽃 정말,꽃
저 꽃 진짜,꽃
이런 꽃,꽃
꽃 향기,꽃
꽃 다발,꽃
꽃다발,꽃
꽃향기,꽃
장미,꽃
장미 꽃,꽃
수선화,꽃
개나리,꽃
저 개나리,꽃
이 안개 꽃,꽃
밤 나무,나무
밤나무,나무
사과나무,나무
오렌지 나무,나무
오렌지나무,나무
돼지 같아,돼지
돼지,돼지
꿀꿀 돼지,돼지
피그,돼지
버섯,버섯
송이 버섯,버섯
느타리 버섯,버섯
팽이 버섯,버섯
양송이 버섯,버섯
독 버섯,버섯
맛 있는 버섯,버섯
맛 있는 송이 버섯,버섯
맛 있는 느타리 버섯,버섯
맛 있는 팽이 버섯,버섯
맛 있는 양송이 버섯,버섯
맛 없는 버섯,버섯
맛 없는 송이 버섯,버섯
맛 없는 느타리 버섯,버섯
맛 없는 팽이 버섯,버섯
맛 없는 양송이 버섯,버섯
모기 버섯,버섯
표고 버섯,버섯
송로 버섯,버섯
버섯 탕,버섯
버섯 전골,버섯
버섯,버섯
드래곤,상상의동물
유니콘,상상의동물
개구리,양서류
두꺼비,양서류
황소 개구리,양서류
독 개구리,양서류
독개구리,양서류
독두꺼비,양서류
귀여운 개구리,양서류
징그러운 개구리,양서류
개구리 다리,양서류
생선,어류
물고기,어류
금붕어,어류
붕어,어류
귀여운 금붕어,어류
광어,어류
숭어,어류
연어,어류
문어,연체동물
오징어,연체동물
타조,조류
시조새,조류
타조,조류
비둘기,조류
갈매기,조류
새,조류
참새,조류
까마귀,조류
펭귄,펭귄
귀여운 펭귄,펭귄
남극 펭귄,펭귄
코끼리,포유류
파리,해충
귀찮은 파리,해충
귀찮게 하는 파리,해충
파리 위윙,해충
모기 너무,해충
진짜 모기 너무,해충
모기 귀찮,해충
저번에 물린 모기,해충
모기,해충
축구,스포츠
야구,스포츠
농구,스포츠
당구,스포츠
스포츠,스포츠
즐거운 축구,스포츠
신나는 야구,스포츠
신나는 농구,스포츠
농구 재밌는,스포츠
당구 스포츠,스포츠
축구 스포츠,스포츠
토트넘,스포츠
바르셀로나,스포츠
맨체스터 유나이티트,스포츠
맨유,스포츠
월드컵,스포츠
올림픽,스포츠
선수권 대회,스포츠
리그,스포츠
챔피언스 리그,스포츠
기타 연주,현악기
기타,현악기
기타도,현악기
통 기타,현악기
일렉 기타,현악기
어쿠스틱 기타,현악기
잔잔한 기타,현악기
베이스 기타,현악기
기타 음악,현악기
기타 줄,현악기
코드 기타,현악기
기타 뮤직,현악기
기타 연주곡,현악기
기타 곡,현악기
요구르트,음료
요거트,음료
포도 쥬스,쥬스
딸기 쥬스,쥬스
생 과일 쥬스,쥬스
커피,커피
카페인 커피,커피
카페라테,커피
카페모카,커피
모카 커피,커피
달달한 커피,커피
커피 향기,커피
커피 향,커피
아침 커피,커피
모닝 커피,커피
아메리카노,커피
아메리카노 커피,커피
에스프레소,커피
에스프레소 커피,커피
라테,커피
모카,커피
라테 커피,커피
쿠키,간식
과자,간식
감자 칩,간식
갑자칩,간식
꼬깔콘,간식
포테이토 칩,간식
과자 정말,간식
세상에서 과자 제일,간식
초코송이,간식
양파링 과자,간식
샌드위치,간식
시원한 아이스크림,간식
베스킨라빈스,간식
달콤한 아이스크림,간식
아이스크림,간식
초콜릿,간식
초콜릿 진짜,간식
아 초콜릿,간식
초콜릿 만큼,간식
와 초콜릿,간식
맛 좋은 초콜릿,간식
혹시 초콜릿,간식
처음 초콜릿,간식
그렇게 생긴 초콜릿,간식
초콜릿 맛,간식
초콜릿 제일,간식
내 초콜릿,간식
너 초콜릿,간식
초콜릿 그런 맛인지,간식
무슨 그런 초콜릿,간식
아까 초콜릿,간식
나 처음 초콜릿,간식
너 초콜릿,간식
나는 그런 초콜릿,간식
달달한 초콜릿,간식
와 초콜릿,간식
가나 초콜릿,간식
미니쉘 초콜릿,간식
허쉬 초콜릿,간식
크런치초콜릿,간식
크런치 초콜릿,간식
키세스초콜릿,간식
키세스 초콜릿,간식
킷캣 초콜릿,간식
킷캣초콜릿,간식
미니 초콜릿,간식
화이트초콜릿,간식
다크초콜릿,간식
화이트 초콜릿,간식
다크 초콜릿,간식
맛 달달한 초콜릿,간식
고기,고기
고기 진짜,고기
아 고기,고기
가슴 살 만큼,고기
그런 살코기,고기
그 고기,고기
고기도 진짜,고기
와 고기,고기
혹시 고기,고기
양고기,고기
양고기 정말,고기
닭고기,고기
닭 고기,고기
닭 갈비,고기
닭고기,고기
가슴 살 고기,고기
그렇게 생긴 고기,고기
고기 맛,고기
고기 육질,고기
고기 제일,고기
내 뒷다리 살,고기
너 살코기,고기
고기 그런 맛인지,고기
무슨 그런 고기,고기
아까 고기,고기
나 처음 고기,고기
너 고기,고기
나는 그런 고기,고기
 고기,고기
고기 기름,고기
우 삼겹,고기
고기 진짜,고기
고기 육질 진짜,고기
갈비,고기
갈비 살,고기
갈비 소스,고기
이 떡갈비,고기
떡갈비,고기
폭립,고기
스테이크,고기
저 왕갈비,고기
왕갈비,고기
목살,고기
부드러운 목살,고기
부드러운 육질,고기
삼겹살,고기
삼겹살 진짜,고기
아 삼겹살,고기
삼겹살 만큼,고기
그런 삼겹살,고기
그 삼겹살,고기
삼겹살도 진짜,고기
그렇게 생긴 삼겹살,고기
삼겹살 맛,고기
삼겹살 육질,고기
너 삼겹살,고기
삼겹살 그런 맛인지,고기
무슨 그런 삼겹살,고기
아까 삼겹살,고기
내 배 삼겹살,고기
대패 삼겹살,고기
꽃 삼겹,고기
돼지 삼겹살,고기
우 삼겹,고기
나는 그런 삼겹살,고기
삼겹살 기름,고기
소고기,고기
그 소고기,고기
소고기도 진짜,고기
와 소고기,고기
소고기 맛,고기
소고기 육질,고기
소고기 제일,고기
소고기 그런 맛인지,고기
너 소고기,고기
나는 그런 소고기,고기
소 소고기,고기
탕수육,고기
소고기 육질 진짜,고기
과일,과일
아삭한 사과,과일
사과,과일
포도,과일
신선한 포도,과일
시큼한 레몬,과일
신 레몬,과일
상큼한 딸기,과일
달콤한 딸기,과일
멜론,과일
메론,과일
달콤한 포도,과일
포도,과일
상큼한 포도,과일
청포도,과일
귤,과일
달콤한 귤,과일
달달한 귤,과일
오렌지,과일
상큼한 오렌지,과일
신선한 복숭아,과일
홍시,과일
달달한 홍시,과일
수박,과일
시원한 수박,과일
석류,과일
참외,과일
곶감,과일
파인애플,과일
블루베리,과일
신선한 자두,과일
자두,과일
앵두,과일
두리안,과일
망고,과일
달콤한 망고,과일
살구,과일
먀살,과일
모과,과일
열대과일 파파야,과일
파파야,과일
열대 과일,과일
열대과일,과일
키위,과일
떡볶이,떡볶이
떡볶이 진짜,떡볶이
매콤한 떡볶이,떡볶이
떡볶이 만큼,떡볶이
맛 좋은 떡볶이,떡볶이
혹시 떡볶이,떡볶이
매운 떡볶이,떡볶이
떡볶이 매콤,떡볶이
그렇게 생긴 떡볶이,떡볶이
떡볶이 시켰지,떡볶이
떡볶이 맛,떡볶이
매워 떡볶이,떡볶이
떡볶이 제일,떡볶이
내 떡볶이,떡볶이
너 매운 떡볶이,떡볶이
떡볶이 그런 맛인지,떡볶이
무슨 그런 떡볶이,떡볶이
아까 떡볶이,떡볶이
나 처음 떡볶이,떡볶이
너 떡볶이,떡볶이
매콤 달콤 떡볶이,떡볶이
죠스 떡볶이,떡볶이
엽기 떡볶이,떡볶이
신전 떡볶이,떡볶이
그런 떡볶이 먹어,떡볶이
두 끼 떡볶이,떡볶이
떡볶이 쫄깃,떡볶이
쫄깃한 떡볶이,떡볶이
쫄깃쫄깃한 떡볶이,떡볶이
드디어 떡볶이,떡볶이
떡볶이 왔어,떡볶이
라면,면음식
라면 진짜,면음식
아 라면,면음식
라면 만큼,면음식
혹시 라면,면음식
너구리 오동통,면음식
처음 라면,면음식
그렇게 생긴 라면,면음식
너구리,면음식
라면 맛,면음식
라면 면발,면음식
라면 제일,면음식
내 라면,면음식
너 라면,면음식
라면 그런 맛인지,면음식
무슨 그런 라면,면음식
아까 라면,면음식
나 처음 라면,면음식
너 라면,면음식
무파마,면음식
그런 무파마,면음식
안성탕면,면음식
꼬꼬면,면음식
내 배 라면,면음식
꼬들꼬들 라면,면음식
너구리 라면,면음식
나는 그런 라면,면음식
라면 기름,면음식
진라면,면음식
신라면,면음식
나가사끼 짬뽕,면음식
해물라면,면음식
진라면 면발,면음식
비빔면,면음식
면발 만큼,면음식
삼양라면,면음식
우동,면음식
우동 진짜,면음식
아 우동,면음식
우동 만큼,면음식
와 우동,면음식
맛 좋은 우동,면음식
혹시 우동,면음식
우동 면발 두껍네,면음식
너 우동,면음식
우동 그런 맛인지,면음식
무슨 그런 우동,면음식
아까 우동,면음식
나 처음 우동,면음식
너 우동,면음식
두꺼운 우동,면음식
꼬들꼬들 우동,면음식
너구리 우동,면음식
나는 그런 우동,면음식
우동 기름,면음식
면발 만큼,면음식
자장면,면음식
짜장면 진짜,면음식
자장면 만큼,면음식
짬뽕,면음식
그 짬뽕 참,면음식
매운 짬뽕,면음식
매콤한 해물 짬뽕,면음식
맛 좋은 짜장면,면음식
혹시 자장면,면음식
달콤한 자장면,면음식
그렇게 생긴 짜장면,면음식
자장면 맛,면음식
자장면 면발,면음식
짜장면 제일,면음식
내 자장면,면음식
너 자장면,면음식
자장면 그런 맛인지,면음식
무슨 그런 자장면,면음식
아까 자장면,면음식
나 처음 자장면,면음식
너 자장면,면음식
짜장면,면음식
자장면 단무지,면음식
꼬들꼬들 자장면,면음식
나는 그런 자장면,면음식
간짜장,면음식
간자장,면음식
볶음 짜장면,면음식
복음 자장면,면음식
자장 소스,면음식
볶음 자장 소스,면음식
짜장면 단무지,면음식
짜장면 면발,면음식
수타 자장면,면음식
자장면 면발,면음식
짜짜로니,면음식
짜파게티,면음식
파스타,면음식
로제 파스타,면음식
크림 파스타,면음식
스파게티 ,면음식
잔치 국수,면음식
비빔 국수,면음식
물 냉면,면음식
시원한 냉면,면음식
쫄깃 쫄깃 냉면,면음식
꼬들 꼬들 국수,면음식
면발 꼬들,면음식
냉면,면음식
비빔 냉면,면음식
쫄면,면음식
쫄깃한 쫄면,면음식
매콤한 쫄면,면음식
칼 국수,면음식
크림 스파게티,면음식
까르보나라,면음식
치즈 파스타,면음식
수제 돈가스,음식
치즈 돈가스,음식
음식,음식
돈가스,음식
순대,음식
덮밥,음식
볶음밥,음식
저 음식,음식
그런 음식,음식
김밥,음식
샐러드 ,음식
빵,음식
식빵,음식
마카롱,음식
달달한 마카롱,음식
맛 좋은 음식,음식
달콤한 마카롱,음식
소시지,음식
짭잘한 소시지,음식
어제 소시지,음식
샤브샤브,음식
월남쌈,음식
곱창,음식
족발,음식
치즈 곱창,음식
규동,음식
가츠동,음식
해장국,음식
꼬치,음식
닭 꼬치,음식
양 꼬치,음식
누룽지,음식
연어 회,음식
초밥,음식
연어 초밥,음식
광어 초밥,음식
문어 초밥,음식
문어,음식
문어 숙회,음식
제육볶음,음식
육회,음식
국밥,음식
해장국,음식
우거지 해장국,음식
스프,음식
수프,음식
찜 닭,음식
찜닭,음식
만두,음식
고기 만두,음식
김치 만두,음식
분식,음식
팔보채,음식
깐풍기,음식
포항 홍어 추천해줘,음식
천안 오징어  ,음식
경주 짜글이 추천해줘,음식
동두천 파전 추천해줘,음식
아산 육전  ,음식
포항 뼈해장국 추천해줘,음식
천안 김치찜 추천해줘,음식
아산 알밥  ,음식
순창 뚝배기 추천해줘,음식
아산 새우튀김  추천해줘,음식
경주 햄버거 ,음식
천안 새우 추천해줘,음식
송천동 수제버거  추천해줘,음식
포항 수제 버거 추천해줘,음식
아산 튀김 ,음식
포항 쌀국수  추천해줘,음식
천안 죽집 추천해줘,음식
아산 쌀국수 ,음식
천안 아이스크림 추천해줘,음식
천안 음료수 ,음식
당진 횟집 추천해줘,음식
상주 호두과자 추천해줘,음식
성주  ,음식
천안 왕갈비  ,음식
치킨,치킨
닭 다리,치킨
진짜 치킨,치킨
네네 치킨,치킨
네네치킨,치킨
굽네 치킨,치킨
진짜 나 치킨,치킨
드디어 치킨,치킨
치킨의,치킨
닭 날개,치킨
치킨 다리,치킨
치킨 날개,치킨
치킨 진짜,치킨
치즈 치킨,치킨
치킨만,치킨
요즘 치킨 제일,치킨
아까 치킨,치킨
치킨 목,치킨
교촌 치킨,치킨
교촌치킨,치킨
케이크,케이크
단 케이크 진짜,케이크
아 달콤 케이크,케이크
케이크 만큼,케이크
와 달콤한 케이크,케이크
맛 좋은 케이크,케이크
혹시 케이크,케이크
처음 케이크,케이크
그렇게 생긴 케이크,케이크
케이크 진짜 달달,케이크
달달한 케이크,케이크
케이크 맛,케이크
케이크 제일,케이크
내 케이크,케이크
너 케이크,케이크
달콤한 케이크 그런 맛인지,케이크
무슨 그런 케이크,케이크
아까 케이크,케이크
나 처음 케이크,케이크
너 케이크,케이크
나는 그런 케이크,케이크
달달한 케이크,케이크
와 케이크,케이크
초콜릿 케이크,케이크
수제 케이크,케이크
생크림 케이크,케이크
고구마 케이크,케이크
맛 달달한 케이크,케이크
치즈 케이크,케이크
고구마 피자,피자
피자 헛,피자
미스터 피자,피자
피자,피자
치즈 피자,피자
올리브 피자,피자
전통 피자,피자
화덕 피자,피자
페퍼로니 피자,피자
고르곤졸라,피자
고르곤졸라 피자,피자
맛 있는 피자,피자
맛 피자,피자
맛 없는 피자,피자
피자 맛 없는,피자
피자 맛,피자
피자 치즈,피자
롯데리아 햄버거,햄버거
수제 버거,햄버거
햄버거,햄버거
싸이버거,햄버거
맘스터지,햄버거
맥도날드,햄버거
맥도날드 빅맥,햄버거
딥러닝,인공지능용어
머신러닝,인공지능용어
딥 러닝,인공지능용어
머신 러닝,인공지능용어
인공지능,인공지능용어
인공 지능,인공지능용어
인공 지늘 로봇,인공지능용어
딥 러닝 로봇,인공지능용어
로봇,인공지능용어
로보트,인공지능용어
카카오,인공지능친구
카카오랑,인공지능친구
클로바랑 아까,인공지능친구
어제 클로바,인공지능친구
너 시리보다,인공지능친구
시리보다,인공지능친구
빅스비랑,인공지능친구
빅스비 보다,인공지능친구
진짜 빅스비보다,인공지능친구
빅스비,인공지능친구
알파고,인공지능친구
너 혹시 알파고,인공지능친구
가족 관계,가족
가족,가족
너 근데 가족,가족
우리들 가족,가족
가족 관계,가족
그럼 가족,가족
그러면 가족들이랑,가족
너 혹시 가족,가족
너 역시 가족관계,가족
때 가족,가족
너희 가족,가족
너도 가족이랑,가족
너 혹시 가족,가족
그 가족,가족
너희 가족 관계,가족
너네 가족,가족
우리 가족,가족
그런 가족이랑,가족
이런 가족,가족
그런 가족도,가족
가족 때문에,가족
아 가족 진짜,가족
너무 가족,가족
가족들 정말,가족
가족들 진짜,가족
주변 가족들,가족
아까 가족,가족
그러한 가족들,가족
너네 가족들이랑도,가족
너희 가족들,가족
언니,누나
언니들이 그래,누나
이 언니,누나
언니이,누나
언니들,누나
주변 언니,누나
언니 때문에,누나
아 그 언니 때문에,누나
아 언니들,누나
언니,누나
너희 언니,누나
너 언니,누나
너 혹시 언니,누나
그 언니,누나
너희 언니,누나
너네 언니,누나
우리 언니,누나
그런 언니,누나
이런 언니,누나
그런 언니도,누나
언니 때문에,누나
아 언니 진짜,누나
너무 언니랑,누나
언니들 정말,누나
언니들 진짜,누나
주변 언니들,누나
아까 언니,누나
그러한 언니들,누나
누나,누나
누나들이 그래,누나
이 누나,누나
누나이,누나
누나들,누나
주변 누나,누나
누나 때문에,누나
아 그 누나 때문에,누나
아 누나들,누나
누나,누나
너희 누나,누나
너 누나,누나
너 혹시 누나,누나
그 누나,누나
너희 누나,누나
너네 누나,누나
우리 누나,누나
그런 누나,누나
이런 누나,누나
그런 누나도,누나
누나 때문에,누나
아 누나 진짜,누나
너무 누나랑,누나
누나들 정말,누나
누나들 진짜,누나
주변 누나들,누나
아까 누나,누나
그러한 누나들,누나
부모 관계,부모
부모,부모
너 근데 부모,부모
부모 관계,부모
그럼 부모,부모
그러면 부모들이랑,부모
부모님,부모
부모,부모
내 부모,부모
네 부모님,부모
부모 정말,부모
너 혹시 부모,부모
너 역시 부모관계,부모
부모,부모
너희 부모,부모
너도 부모이랑,부모
너 혹시 부모,부모
그 부모,부모
너희 부모 관계,부모
너네 부모,부모
우리 부모,부모
그런 부모이랑,부모
이런 부모,부모
그런 부모도,부모
부모 때문에,부모
아 부모 진짜,부모
너무 부모,부모
부모들 정말,부모
부모님 진짜,부모
주변 부모님,부모
아까 부모,부모
그러한 부모님,부모
너네 부모님이랑도,부모
너희 부모들,부모
부부 관계,부부
부부,부부
너 근데 부부,부부
부부 관계,부부
그럼 부부,부부
그러면 부부들이랑,부부
부부,부부
부부,부부
내 부부,부부
네 부부,부부
부부 정말,부부
너 혹시 부부,부부
너 역시 부부관계,부부
부부,부부
너희 부부,부부
너도 부부이랑,부부
너 혹시 부부,부부
그 부부,부부
너희 부부 관계,부부
너네 부부,부부
우리 부부,부부
그런 부부이랑,부부
이런 부부,부부
그런 부부도,부부
부부 때문에,부부
아 부부 진짜,부부
너무 부부,부부
부부들 정말,부부
부부 진짜,부부
주변 부부,부부
아까 부부,부부
그러한 부부,부부
너네 부부이랑도,부부
너희 부부들,부부
남편 관계,부부
남편,부부
너 근데 남편,부부
남편 관계,부부
그럼 남편,부부
그러면 남편들이랑,부부
남편,부부
남편,부부
내 남편,부부
네 남편,부부
남편 정말,부부
너 혹시 남편,부부
너 역시 남편관계,부부
남편,부부
너희 남편,부부
너도 남편이랑,부부
너 혹시 남편,부부
그 남편,부부
너희 남편 관계,부부
너네 남편,부부
우리 남편,부부
그런 남편이랑,부부
이런 남편,부부
그런 남편도,부부
남편 때문에,부부
아 남편 진짜,부부
너무 남편,부부
남편들 정말,부부
남편 진짜,부부
주변 남편,부부
아까 남편,부부
그러한 남편,부부
너네 남편이랑도,부부
너희 남편,부부
와이프 관계,부부
와이프,부부
너 근데 와이프,부부
와이프 관계,부부
그럼 와이프,부부
그러면 와이프들이랑,부부
와이프,부부
와이프,부부
내 와이프,부부
네 와이프,부부
와이프 정말,부부
너 혹시 와이프,부부
너 역시 와이프관계,부부
와이프,부부
너희 와이프,부부
너도 와이프이랑,부부
너 혹시 와이프,부부
그 와이프,부부
너희 와이프 관계,부부
너네 와이프,부부
우리 와이프,부부
그런 와이프이랑,부부
이런 와이프,부부
그런 와이프도,부부
와이프 때문에,부부
아 와이프 진짜,부부
너무 와이프,부부
와이프들 정말,부부
와이프 진짜,부부
주변 와이프,부부
아까 와이프,부부
그러한 와이프,부부
너네 와이프이랑도,부부
너희 와이프,부부
부인 관계,부부
부인,부부
너 근데 부인,부부
부인 관계,부부
그럼 부인,부부
그러면 부인들이랑,부부
부인,부부
부인,부부
내 부인,부부
네 부인,부부
부인 정말,부부
너 혹시 부인,부부
너 역시 부인관계,부부
부인,부부
너희 부인,부부
너도 부인이랑,부부
너 혹시 부인,부부
그 부인,부부
너희 부인 관계,부부
너네 부인,부부
우리 부인,부부
그런 부인이랑,부부
이런 부인,부부
그런 부인도,부부
부인 때문에,부부
아 부인 진짜,부부
너무 부인,부부
부인들 정말,부부
부인 진짜,부부
주변 부인,부부
아까 부인,부부
그러한 부인,부부
너네 부인이랑도,부부
너희 부인,부부
사람,사람
사람들이,사람
이 사람,사람
사람들과,사람
사람들,사람
주변 사람,사람
사람 때문에,사람
아 그 사람 때문에,사람
아 사람들,사람
때 사람,사람
너희 사람,사람
너 사람,사람
너 혹시 사람,사람
그 사람,사람
너희 사람,사람
너네 사람,사람
우리 사람,사람
그런 사람과,사람
이 분,사람
그런 사람도,사람
사람 때문에,사람
아 사람 진짜,사람
너무 사람이랑,사람
사람들 정말,사람
사람들 진짜,사람
주변 사람들,사람
아까 사람 관계,사람
하는 사람과,사람
그런 사람과,사람
그러한 사람들,사람
아빠,아빠
아빠들이 그래,아빠
아빠 아버지,아빠
이 아빠,아빠
아빠이,아빠
아빠들,아빠
주변 아빠,아빠
아빠 아버지 때문에,아빠
아 그 아빠 때문에,아빠
너 아빠 아버지,아빠
아 아빠들,아빠
아빠 아버지,아빠
너희 아빠,아빠
너 아빠,아빠
너 혹시 아빠,아빠
그 아빠,아빠
너희 아빠,아빠
너네 아빠 아버지,아빠
우리 아빠,아빠
그런 아빠 아버지,아빠
이런 아빠,아빠
그런 아빠 아버지,아빠
아빠 때문에,아빠
아 아빠 진짜,아빠
너무 아빠랑,아빠
아빠들 정말,아빠
아빠 아버지 진짜,아빠
아빠 아버지 정말,아빠
우리 아빠 아버지,아빠
아직 아빠 아버지,아빠
주변 아빠들,아빠
아까 아빠 아버지,아빠
그러한 아빠들,아빠
아빠,아빠
아빠들이 그래,아빠
아빠 아버지,아빠
이 아빠,아빠
아빠이,아빠
아빠들,아빠
주변 아빠,아빠
아빠 아버지 때문에,아빠
아 그 아빠 때문에,아빠
너 아빠 아버지,아빠
아 아빠들,아빠
아빠 아버지,아빠
너희 아빠,아빠
너 아빠,아빠
너 혹시 아빠,아빠
그 아빠,아빠
너희 아빠,아빠
너네 아빠 아버지,아빠
우리 아빠,아빠
그런 아빠 아버지,아빠
이런 아빠,아빠
그런 아빠 아버지,아빠
아빠 때문에,아빠
아 아빠 진짜,아빠
너무 아빠랑,아빠
아빠들 정말,아빠
아빠 아버지 진짜,아빠
아빠 아버지 정말,아빠
우리 아빠 아버지,아빠
아직 아빠 아버지,아빠
주변 아빠들,아빠
아까 아빠 아버지,아빠
그러한 아빠들,아빠
엄마,엄마
엄마들이 그래,엄마
어머니,엄마
이 엄마,엄마
엄마이,엄마
엄마들,엄마
주변 엄마,엄마
어머니 때문에,엄마
아 그 엄마 때문에,엄마
너 어머니,엄마
아 엄마들,엄마
어머니,엄마
너희 엄마,엄마
너 엄마,엄마
너 혹시 엄마,엄마
그 엄마,엄마
너희 엄마,엄마
너네 어머니,엄마
우리 엄마,엄마
그런 어머니,엄마
이런 엄마,엄마
그런 어머니,엄마
엄마 때문에,엄마
아 엄마 진짜,엄마
너무 엄마랑,엄마
엄마들 정말,엄마
어머니 진짜,엄마
어머니 정말,엄마
우리 어머니,엄마
아직 어머니,엄마
주변 엄마들,엄마
아까 어머니,엄마
그러한 엄마들,엄마
엄마,엄마
엄마들이 그래,엄마
어머니,엄마
이 엄마,엄마
엄마이,엄마
엄마들,엄마
주변 엄마,엄마
어머니 때문에,엄마
아 그 엄마 때문에,엄마
너 어머니,엄마
아 엄마들,엄마
어머니,엄마
너희 엄마,엄마
너 엄마,엄마
너 혹시 엄마,엄마
그 엄마,엄마
너희 엄마,엄마
너네 어머니,엄마
우리 엄마,엄마
그런 어머니,엄마
이런 엄마,엄마
그런 어머니,엄마
엄마 때문에,엄마
아 엄마 진짜,엄마
너무 엄마랑,엄마
엄마들 정말,엄마
어머니 진짜,엄마
어머니 정말,엄마
우리 어머니,엄마
아직 어머니,엄마
주변 엄마들,엄마
아까 어머니,엄마
그러한 엄마들,엄마
연인 관계,연인
연인,연인
너 근데 연인,연인
연인 관계,연인
그럼 연인,연인
연인,연인
연인,연인
내 연인,연인
네 연인,연인
연인 정말,연인
너 혹시 연인,연인
너희 연인,연인
너도 연인이랑,연인
너 혹시 연인,연인
그 연인,연인
너희 연인 관계,연인
너네 연인,연인
우리 연인,연인
그런 연인이랑,연인
너무 연인,연인
연인들 정말,연인
연인 진짜,연인
주변 연인,연인
아까 연인,연인
그러한 연인,연인
너네 연인이랑도,연인
너희 연인들,연인
애인 관계,연인
그럼 애인,연인
애인,연인
애인,연인
내 애인,연인
네 애인,연인
애인 정말,연인
너 혹시 애인,연인
너 역시 애인관계,연인
애인,연인
너희 애인,연인
너도 애인이랑,연인
너네 애인,연인
우리 애인,연인
이런 애인,연인
애인 때문에,연인
아 애인 진짜,연인
너무 애인,연인
애인들 정말,연인
애인 진짜,연인
주변 애인,연인
아까 애인,연인
그러한 애인,연인
너네 애인이랑도,연인
너희 애인들,연인
남자친구 관계,연인
남자친구 관계,연인
그럼 남자친구,연인
그러면 남자친구들이랑,연인
남자친구,연인
남자친구,연인
내 남자친구,연인
네 남자친구,연인
남자친구 정말,연인
너 혹시 남자친구,연인
너 역시 남자친구관계,연인
남자친구,연인
너 혹시 남자친구,연인
그 남자친구,연인
너희 남자친구 관계,연인
너네 남자친구,연인
우리 남자친구,연인
그런 남자친구이랑,연인
이런 남자친구,연인
그런 남자친구도,연인
남자친구 때문에,연인
아 남자친구 진짜,연인
주변 남자친구,연인
아까 남자친구,연인
그러한 남자친구,연인
남자친구 관계,연인
남자친구,연인
너 근데 남자 친구,연인
남자 친구 관계,연인
그럼 남자 친구,연인
남자 친구,연인
내 남자 친구,연인
네 남자 친구,연인
남자 친구 정말,연인
너 혹시 남자 친구,연인
너 역시 남자 친구관계,연인
남자 친구,연인
그 남자 친구,연인
너희 남자 친구 관계,연인
그런 남자 친구이랑,연인
이런 남자 친구,연인
아 남자 친구 진짜,연인
너무 남자 친구,연인
남자 친구들 정말,연인
남자 친구 진짜,연인
주변 남자 친구,연인
아까 남자 친구,연인
그러한 남자 친구,연인
너네 남자 친구이랑도,연인
여자친구,연인
너 근데 여자친구,연인
여자친구 관계,연인
그럼 여자친구,연인
그러면 여자친구들이랑,연인
여자친구,연인
여자친구,연인
여자친구 정말,연인
너 혹시 여자친구,연인
너 역시 여자친구관계,연인
여자친구,연인
너희 여자친구,연인
너희 여자친구 관계,연인
이런 여자친구,연인
그런 여자친구도,연인
여자친구 때문에,연인
아 여자친구 진짜,연인
너무 여자친구,연인
여자친구들 정말,연인
여자친구 진짜,연인
주변 여자친구,연인
아까 여자친구,연인
그러한 여자친구,연인
여자친구,연인
그러면 여자 친구들이랑,연인
여자 친구,연인
여자 친구,연인
내 여자 친구,연인
네 여자 친구,연인
여자 친구 정말,연인
너희 여자 친구,연인
너도 여자 친구이랑,연인
너 혹시 여자 친구,연인
그 여자 친구,연인
너희 여자 친구 관계,연인
너네 여자 친구,연인
우리 여자 친구,연인
그런 여자 친구이랑,연인
이런 여자 친구,연인
여자 친구들 정말,연인
여자 친구 진짜,연인
주변 여자 친구,연인
아까 여자 친구,연인
그러한 여자 친구,연인
너네 여자 친구이랑도,연인
너희 여자 친구들,연인
오빠,오빠
오빠들이,오빠
이 오빠,오빠
오빠이,오빠
오빠들,오빠
주변 오빠,오빠
오빠 때문에,오빠
아 그 오빠 때문에,오빠
아 오빠들,오빠
때 오빠,오빠
너희 오빠,오빠
너 오빠,오빠
너 혹시 오빠,오빠
그 오빠,오빠
너희 오빠,오빠
너네 오빠,오빠
우리 오빠,오빠
그런 오빠들,오빠
이런 오빠,오빠
그런 오빠도,오빠
오빠 때문에,오빠
아 오빠 진짜,오빠
너무 오빠,오빠
오빠들 정말,오빠
오빠들 진짜,오빠
주변 오빠들,오빠
아까 오빠,오빠
그러한 오빠들,오빠
친구,친구
친구들이,친구
이 친구,친구
친구이,친구
친구들,친구
주변 친구,친구
친구 때문에,친구
아 그 친구 때문에,친구
아 친구들,친구
때 친구,친구
너희 친구,친구
너 친구,친구
너 혹시 친구,친구
그 친구,친구
너희 친구,친구
너네 친구,친구
우리 친구,친구
그런 친구들,친구
이런 친구,친구
그런 친구도,친구
친구 때문에,친구
아 친구 진짜,친구
너무 친구,친구
친구들 정말,친구
친구들 진짜,친구
주변 친구들,친구
아까 친구,친구
그러한 친구들,친구
절친,친구
너 절친,친구
너 혹시 친구,친구
그 친구,친구
너희 친구,친구
너네 친구,친구
우리 친구,친구
그런 친구들,친구
이런 친구,친구
그런 친구도,친구
친구 때문에,친구
아 친구 진짜,친구
너무 친구,친구
친구들 정말,친구
친구들 진짜,친구
주변 친구들,친구
아까 친구,친구
그러한 친구들,친구
친척,친척
친척들이,친척
이 친척,친척
친척이,친척
친척들,친척
친인척들,친척
친인척,친척
주변 친척,친척
친척 때문에,친척
아 그 친척 때문에,친척
아 친척들,친척
때 친척,친척
너희 친척,친척
너 친척,친척
너 혹시 친척,친척
그 친척,친척
너희 친척,친척
너네 친척,친척
우리 친척,친척
그런 친척,친척
이런 친척,친척
그런 친척도,친척
친척 때문에,친척
아 친척 진짜,친척
너무 친척,친척
친척들 정말,친척
친척들 진짜,친척
주변 친척들,친척
아까 친척,친척
그러한 친척들,친척
형제 관계,형제
형제,형제
너 근데 형제,형제
형제 관계,형제
그럼 형제,형제
그러면 형제들이랑,형제
형제,형제
형제,형제
내 형제,형제
네 형제,형제
형제 정말,형제
너 혹시 형제,형제
너 역시 형제관계,형제
형제,형제
너희 형제,형제
너도 형제이랑,형제
너 혹시 형제,형제
그 형제,형제
너희 형제 관계,형제
너네 형제,형제
우리 형제,형제
그런 형제이랑,형제
이런 형제,형제
그런 형제도,형제
형제 때문에,형제
아 형제 진짜,형제
너무 형제,형제
형제들 정말,형제
형제 진짜,형제
주변 형제,형제
아까 형제,형제
그러한 형제,형제
너네 형제랑도,형제
너희 형제들,형제
남매 관계,형제
남매,형제
너 근데 남매,형제
남매 관계,형제
그럼 남매,형제
그러면 남매들이랑,형제
남매,형제
내 남매,형제
네 남매,형제
남매 정말,형제
너 혹시 남매,형제
너 역시 남매관계,형제
남매,형제
너희 남매,형제
너도 남매이랑,형제
너 혹시 남매,형제
그 남매,형제
너희 남매 관계,형제
너네 남매,형제
우리 남매,형제
그런 남매랑,형제
이런 남매,형제
그런 남매도,형제
남매,형제
아 남매 진짜,형제
너무 남매,형제
남매들 정말,형제
남매 진짜,형제
주변 남매,형제
아까 남매,형제
그러한 남매,형제
너네 남매랑도,형제
너희 남매들,형제
자매 관계,형제
자매,형제
너 근데 자매,형제
자매 관계,형제
그럼 자매,형제
그러면 자매들이랑,형제
자매,형제
내 자매,형제
네 자매,형제
자매 정말,형제
너 혹시 자매,형제
너 역시 자매관계,형제
자매,형제
너희 자매,형제
너도 자매이랑,형제
너 혹시 자매,형제
그 자매,형제
너희 자매 관계,형제
너네 자매,형제
우리 자매,형제
그런 자매랑,형제
이런 자매,형제
그런 자매도,형제
자매,형제
아 자매 진짜,형제
너무 자매,형제
자매들 정말,형제
자매 진짜,형제
주변 자매,형제
아까 자매,형제
그러한 자매,형제
너네 자매랑도,형제
너희 자매들,형제
바다,바다
해안가,바다
시원한 바다,바다
뜨거운 태양,태양
태양,태양
해,태양
뜨거운 해,태양
해 뜨거운,태양
하늘 태양,태양
경기장가,경기장
경기장,경기장
그런 경기장,경기장
나 경기장,경기장
너도 경기장,경기장
이따가 경기장,경기장
이따 경기장,경기장
경기장 하는데,경기장
나도 경기장,경기장
너 드디어 경기장,경기장
나 잠깐 경기장,경기장
모레 경기장,경기장
이따가 나 경기장,경기장
경기장 어디,경기장
어떻게 경기장,경기장
경기장만,경기장
어떻게 경기장만 매일,경기장
진짜 경기장,경기장
어떻게 해야 경기장,경기장
경기장 때문에,경기장
이런 경기장 도저히,경기장
도저히 경기장,경기장
정말 내가 경기장,경기장
다시 경기장,경기장
내일도 경기장,경기장
아 다시 경기장,경기장
아 나 이따 경기장,경기장
경기장 진짜 아,경기장
나 모레 경기장,경기장
너도 드디어 경기장,경기장
경기장,경기장
그런 경기장,경기장
나 경기장,경기장
축구 경기장,경기장
이따가 경기장,경기장
축구 경기장,경기장
경기장 하는데,경기장
나도 경기장,경기장
너 드디어 경기장,경기장
나 축구 경기장,경기장
모레 경기장,경기장
이따가 나 경기장,경기장
경기장 어디,경기장
어떻게 경기장,경기장
경기장만,경기장
축구 경기장만 매일,경기장
진짜 경기장,경기장
어떻게 해야 경기장,경기장
경기장 때문에,경기장
이런 축구 경기장 도저히,경기장
축구 경기장,경기장
정말 내가 경기장,경기장
다시 경기장,경기장
내일도 경기장,경기장
아 다시 경기장,경기장
아 나 축구 경기장,경기장
경기장 진짜 아,경기장
나 축구 경기장,경기장
너도 드디어 축구 경기장,경기장
야구 경기장,경기장
야구장 하는데,경기장
야구 경기장,경기장
너 야구 경기장,경기장
나 축구 경기장,경기장
모레 경기장,경기장
이따가 나 야구장,경기장
야구장 어디,경기장
야구 경기장,경기장
경기장만,경기장
야구 경기장만 매일,경기장
진짜 경기장,경기장
야구 해야 경기장,경기장
경기장 때문에,경기장
이런 축구 경기장 도저히,경기장
야구 경기장,경기장
정말 내가 야구장,경기장
다시 경기장,경기장
내일도 야구장,경기장
아 다시 야구장,경기장
아 나 야구 야구장,경기장
경기장 진짜 아,경기장
나 야구 경기장,경기장
너도 드디어 축구 야구장,경기장
진짜 당구장,경기장
야구 해야 당구장,경기장
당구장 때문에,경기장
이런 축구 경기장 도저히,경기장
야구 당구장,경기장
정말 내가 야구장,경기장
다시 당구장,경기장
내일도 야구장,경기장
아 다시 당구장,경기장
아 나 야구 야구장,경기장
경기장 진짜 아,경기장
나 야구 당구장,경기장
너도 드디어 당구장,경기장
공원가,공원
공원,공원
그런 공원,공원
나 공원,공원
너도 공원,공원
이따가 공원,공원
이따 공원,공원
공원 하는데,공원
나도 공원,공원
너 이따 공원,공원
나 잠깐 공원,공원
모레 공원,공원
이따가 나 공원,공원
공원 어디,공원
어떻게 공원,공원
공원만,공원
어떻게 공원만 매일,공원
진짜 공원,공원
어떻게 해야 공원,공원
공원 때문에,공원
이런 공원 도저히,공원
도저히 공원,공원
정말 내가 공원,공원
다시 공원,공원
내일도 공원,공원
아 다시 공원,공원
아 나 이따 공원,공원
공원 진짜 아,공원
나 모레 공원,공원
너도 혹시 공원,공원
교실가,교실
교실,교실
그런 교실,교실
나 교실,교실
너도 교실,교실
이따가 교실,교실
이따 교실,교실
교실 하는데,교실
나도 교실,교실
너 드디어 교실,교실
나 잠깐 교실,교실
모레 교실,교실
이따가 나 교실,교실
교실 어디,교실
어떻게 교실,교실
교실만,교실
어떻게 교실만 매일,교실
진짜 교실,교실
어떻게 해야 교실,교실
교실 때문에,교실
이런 교실 도저히,교실
도저히 교실,교실
정말 내가 교실,교실
다시 교실,교실
내일도 교실,교실
아 다시 교실,교실
아 나 이따 교실,교실
교실 진짜 아,교실
나 모레 교실,교실
너도 드디어 교실,교실
교회가,교회
교회,교회
그런 교회,교회
나 교회,교회
너도 교회,교회
이따가 교회,교회
이따 교회,교회
교회 하는데,교회
나도 교회,교회
너 이따 교회,교회
나 잠깐 교회,교회
모레 교회,교회
이따가 나 교회,교회
교회 어디,교회
어떻게 교회,교회
교회만,교회
어떻게 교회만 매일,교회
진짜 교회,교회
어떻게 해야 교회,교회
교회 때문에,교회
이런 교회 도저히,교회
도저히 교회,교회
정말 내가 교회,교회
다시 교회,교회
내일도 교회,교회
아 다시 교회,교회
아 나 이따 교회,교회
교회 진짜 아,교회
나 모레 교회,교회
너도 혹시 교회,교회
콜로세움,명소
피사의 사탑,명소
불국사,명소
법원가,법원
법원,법원
그런 법원,법원
나 법원,법원
너도 법원,법원
이따가 법원,법원
이따 법원,법원
법원 하는데,법원
나도 법원,법원
너 이따 법원,법원
나 잠깐 법원,법원
모레 법원,법원
이따가 나 법원,법원
법원 어디,법원
어떻게 법원,법원
법원만,법원
어떻게 법원만 매일,법원
진짜 법원,법원
어떻게 해야 법원,법원
법원 때문에,법원
이런 법원 도저히,법원
도저히 법원,법원
정말 내가 법원,법원
다시 법원,법원
내일도 법원,법원
아 다시 법원,법원
아 나 이따 법원,법원
법원 진짜 아,법원
나 모레 법원,법원
너도 혹시 법원,법원
법정 어디,법원
어떻게 법정,법원
법정만,법원
어떻게 법정만 매일,법원
진짜 법정,법원
어떻게 해야 법정,법원
법정 때문에,법원
이런 법정 도저히,법원
도저히 법정,법원
정말 내가 법정,법원
다시 법정,법원
내일도 법정,법원
아 다시 법정,법원
아 나 이따 법정,법원
법정 진짜 아,법원
나 모레 법정,법원
너도 혹시 법정,법원
재판장 어디,법원
어떻게 재판장,법원
재판장만,법원
어떻게 재판장만 매일,법원
진짜 재판장,법원
어떻게 해야 재판장,법원
재판장 때문에,법원
이런 재판장 도저히,법원
도저히 재판장,법원
정말 내가 재판장,법원
다시 재판장,법원
내일도 재판장,법원
아 다시 재판장,법원
아 나 이따 재판장,법원
재판장 진짜 아,법원
나 모레 재판장,법원
너도 혹시 재판장,법원
병원가,병원
병원,병원
그런 병원,병원
나 병원,병원
너도 전문 병원,병원
이따가 병원,병원
이따 병원,병원
병원 하는데,병원
나도 병원,병원
너 이따 병원,병원
나 잠깐 병원,병원
모레 병원,병원
이따가 나 병원,병원
병원 어디,병원
어떻게 병원,병원
병원만,병원
어떻게 병원만 매일,병원
진짜 병원,병원
어떻게 해야 병원,병원
병원 때문에,병원
이런 병원 도저히,병원
도저히 병원,병원
정말 내가 병원,병원
다시 병원,병원
내일도 병원,병원
아 다시 전문 병원,병원
아 나 이따 병원,병원
병원 진짜 아,병원
나 모레 병원,병원
너도 혹시 병원,병원
이빈후과 때문에,병원
이런 이빈후과 도저히,병원
도저히 이빈후과,병원
정말 내가 이빈후과,병원
다시 이빈후과,병원
내일도 이빈후과,병원
아 다시 전문 이빈후과,병원
아 나 이따 이빈후과,병원
이빈후과 진짜 아,병원
나 모레 이빈후과,병원
너도 혹시 이빈후과,병원
나 소아과,병원
너도 전문 소아과,병원
이따가 소아과,병원
이따 소아과,병원
소아과 하는데,병원
나도 소아과,병원
너 이따 소아과,병원
나 잠깐 소아과,병원
모레 소아과,병원
이따가 나 소아과,병원
이따가 내과,병원
이따 내과,병원
내과 하는데,병원
나도 내과,병원
너 이따 내과,병원
나 잠깐 내과,병원
모레 내과,병원
이따가 나 내과,병원
정형외과,병원
그런 정형외과,병원
나 정형외과,병원
너도 전문 정형외과,병원
이따가 정형외과,병원
이따 정형외과,병원
정형외과 하는데,병원
나도 정형외과,병원
너 이따 정형외과,병원
나 잠깐 정형외과,병원
모레 정형외과,병원
나 정형외과,병원
너도 전문 성형외과,병원
이따가 성형외과,병원
이따 성형외과,병원
성형외과 하는데,병원
나도 성형외과,병원
너 이따 성형외과,병원
나 잠깐 성형외과,병원
모레 성형외과,병원
너도 전문 성형외과,병원
이따가 성형외과,병원
이따 성형외과,병원
성형외과 하는데,병원
나도 성형외과,병원
너 이따 성형외과,병원
나 잠깐 성형외과,병원
모레 성형외과,병원
너도 전문 종합병원,병원
이따가 종합병원,병원
이따 종합병원,병원
종합병원 하는데,병원
나도 종합병원,병원
너 이따 종합병원,병원
나 잠깐 종합병원,병원
모레 종합병원,병원
아플 때 종합병원,병원
너도 전문 종합 병원,병원
이따가 종합 병원,병원
이따 종합 병원,병원
종합 병원 하는데,병원
나도 종합 병원,병원
너 이따 종합 병원,병원
나 잠깐 종합 병원,병원
모레 종합 병원,병원
아플 때 종합 병원,병원
너도 전문 대학병원,병원
이따가 대학병원,병원
이따 대학병원,병원
대학병원 하는데,병원
나도 대학병원,병원
너 이따 대학병원,병원
나 잠깐 대학병원,병원
모레 대학병원,병원
아플 때 대학병원,병원
너도 전문 대학 병원,병원
이따가 대학 병원,병원
이따 대학 병원,병원
대학 병원 하는데,병원
나도 대학 병원,병원
너 이따 대학 병원,병원
나 잠깐 대학 병원,병원
모레 대학 병원,병원
아플 때 대학 병원,병원
마트,상가
저런 마트,상가
저런 시장,상가
전통 시장,상가
식당가,식당
식당,식당
그런 식당,식당
나 식당,식당
너도 식당,식당
이따가 식당,식당
불친절 식당,식당
식당 하는데,식당
나도 식당,식당
너 이따 식당,식당
나 잠깐 식당,식당
모레 식당,식당
이따가 나 식당,식당
친절 식당 어디,식당
어떻게 식당,식당
식당만,식당
어떻게 식당만 매일,식당
진짜 식당,식당
어떻게 해야 식당,식당
식당 때문에,식당
이런 식당 도저히,식당
도저히 식당,식당
정말 내가 식당,식당
다시 식당,식당
내일도 식당,식당
아 친절 식당,식당
아 나 이따 식당,식당
식당 진짜 아,식당
나 모레 식당,식당
너도 혹시 식당,식당
불친절 음식점,식당
나 음식점,식당
너도 음식점,식당
이따가 음식점,식당
이따 음식점,식당
음식점 하는데,식당
나도 음식점,식당
너 이따 음식점,식당
나 잠깐 음식점,식당
모레 음식점,식당
친절 나 음식점,식당
음식점 어디,식당
어떻게 음식점,식당
음식점,식당
어떻게 음식점 매일,식당
진짜 음식점,식당
어떻게 해야 음식점,식당
음식점 때문에,식당
이런 음식점 도저히,식당
도저히 음식점,식당
정말 내가 음식점,식당
다시 음식점,식당
친절 음식점,식당
아 불친절 음식점,식당
아 나 이따 음식점,식당
음식점 진짜 아,식당
나 모레 음식점,식당
너도 혹시 음식점,식당
그런 중국집,식당
나 중국집,식당
너도 중국집,식당
이따가 중국집,식당
친절 중국집,식당
중국집 하는데,식당
나도 중국집,식당
너 이따 중국집,식당
나 잠깐 중국집,식당
모레 중국집,식당
이따가 나 중국집,식당
중국집 어디,식당
어떻게 중국집,식당
중국집,식당
어떻게 레스토랑 매일,식당
진짜 중국집,식당
불친절 해야 중국집,식당
중국집 때문에,식당
이런 중국집 도저히,식당
도저히 중국집,식당
정말 내가 중국집,식당
다시 중국집,식당
친절 중국집,식당
아 다시 중국집,식당
아 나 이따 중국집,식당
중국집 진짜 아,식당
나 모레 중국집,식당
너도 혹시 중국집,식당
그런 레스토랑,식당
나 레스토랑,식당
너도 레스토랑,식당
불친절 레스토랑,식당
이따 레스토랑,식당
레스토랑 하는데,식당
나도 레스토랑,식당
너 이따 레스토랑,식당
나 잠깐 레스토랑,식당
모레 레스토랑,식당
이따가 나 레스토랑,식당
레스토랑 어디,식당
어떻게 레스토랑,식당
레스토랑,식당
어떻게 레스토랑 매일,식당
진짜 레스토랑,식당
어떻게 해야 레스토랑,식당
레스토랑 때문에,식당
이런 레스토랑 도저히,식당
도저히 레스토랑,식당
정말 내가 레스토랑,식당
다시 레스토랑,식당
내일도 레스토랑,식당
아 친절 레스토랑,식당
불친절 레스토랑,식당
아 나 이따 레스토랑,식당
레스토랑 진짜 아,식당
나 모레 레스토랑,식당
너도 혹시 레스토랑,식당
영화관가,영화관
영화관,영화관
그런 영화관,영화관
나 영화관,영화관
너도 영화관,영화관
이따가 영화관,영화관
이따 영화관,영화관
영화관 하는데,영화관
심야 영화관,영화관
너 드디어 영화관,영화관
나 잠깐 영화관,영화관
모레 영화관,영화관
이따가 나 영화관,영화관
영화관 어디,영화관
심야 영화관,영화관
영화관만,영화관
어떻게 영화관만 매일,영화관
진짜 영화관,영화관
어떻게 해야 영화관,영화관
영화관 때문에,영화관
이런 영화관 도저히,영화관
도저히 영화관,영화관
심야 내가 영화관,영화관
다시 영화관,영화관
내일도 영화관,영화관
아 다시 영화관,영화관
아 나 이따 영화관,영화관
영화관 진짜 아,영화관
나 모레 영화관,영화관
너도 드디어 영화관,영화관
학교가,학교
학교,학교
그런 학교,학교
나 학교,학교
너도 학교,학교
이따가 학교,학교
이따 학교 가는데,학교
학교 하는데,학교
나도 학교,학교
너 드디어 학교,학교
나 잠깐 학교,학교
모레 학교,학교
이따가 나 학교,학교
학교 어디,학교
어떻게 학교,학교
학교만,학교
어떻게 학교만 매일,학교
진짜 학교,학교
어떻게 해야 학교 안 가,학교
학교 때문에,학교
이런 학교 도저히,학교
도저히 학교,학교
정말 내가 학교,학교
다시 학교,학교
내일도 학교,학교
아 다시 학교,학교
아 나 이따 학교,학교
학교 진짜 아,학교
나 모레 학교,학교
너도 드디어 학교,학교
학원가,학원
학원,학원
그런 학원,학원
나 학원,학원
너도 학원,학원
이따가 학원,학원
이따 학원,학원
학원 하는데,학원
나도 학원,학원
너 드디어 학원,학원
나 잠깐 학원,학원
모레 학원,학원
이따가 나 학원,학원
학원 어디,학원
어떻게 학원,학원
학원만,학원
어떻게 학원만 매일,학원
진짜 학원,학원
어떻게 해야 학원,학원
학원 때문에,학원
이런 학원 도저히,학원
도저히 학원,학원
정말 내가 학원,학원
다시 학원,학원
내일도 학원,학원
아 다시 학원,학원
아 나 이따 학원,학원
학원 진짜 아,학원
나 모레 학원,학원
너도 드디어 학원,학원
골절,병
위암,병
간암,병
감기,병
목감기,병
식목일,기념일
광복절,기념일
오늘,날짜
내일,날짜
모레,날짜
내일도,날짜
오늘도,날짜
모레도,날짜
오늘,날짜
내일,날짜
모레,날짜
내일도,날짜
오늘도,날짜
모레도,날짜
오늘,날짜
내일,날짜
모레,날짜
내일도,날짜
오늘도,날짜
모레도,날짜
다다음 주,날짜
다다음 달,날짜
저저번 주,날짜
저저번 달,날짜
다음 주도,날짜
이번 주도,날짜
이번 주,날짜
다음 주,날짜
내일 모레도,날짜
내일 모레,날짜
글피,날짜
내년,날짜
내후년,날짜
다음 달도,날짜
다음 달,날짜
이번 달,날짜
이번 달도,날짜
저번 달,날짜
저번 달도,날짜
1월,날짜
2월,날짜
3월,날짜
4월,날짜
5월,날짜
6월,날짜
7월,날짜
8월,날짜
9월,날짜
10월,날짜
11월,날짜
12월,날짜
1일,날짜
2일,날짜
3일,날짜
4일,날짜
5일,날짜
6일,날짜
7일,날짜
8일,날짜
9일,날짜
10일,날짜
11일,날짜
12일,날짜
13일,날짜
14일,날짜
15일,날짜
16일,날짜
17일,날짜
18일,날짜
19일,날짜
20일,날짜
21일,날짜
22일,날짜
23일,날짜
24일,날짜
25일,날짜
26일,날짜
27일,날짜
28일,날짜
29일,날짜
30일,날짜
31일,날짜
일일,날짜
이일,날짜
삼일,날짜
사일,날짜
오일,날짜
육일,날짜
칠일,날짜
팔일,날짜
구일,날짜
십일,날짜
십일일,날짜
십이일,날짜
십삼일,날짜
십사일,날짜
십오일,날짜
십육일,날짜
십칠일,날짜
십팔일,날짜
십구일,날짜
이십일,날짜
이십일일,날짜
이십이일,날짜
이십삼일,날짜
이십사일,날짜
이십오일,날짜
이십육일,날짜
이십칠일,날짜
이십팔일,날짜
이십구일,날짜
삼십 일,날짜
삼십 일일,날짜
일월,날짜
이월,날짜
삼월,날짜
사월,날짜
오월,날짜
육월,날짜
유월,날짜
칠월,날짜
팔월,날짜
구월,날짜
십월,날짜
시월,날짜
십일월,날짜
십이월,날짜
돈,돈
돈 천원밖에,돈
만원,돈
만 원,돈
천원,돈
천 원,돈
백원,돈
백 원,돈
십원,돈
십 원,돈
100원,돈
1000원,돈
10000원,돈
십만 원,돈
백만 원,돈
천만 원,돈
월급,돈
연봉,돈
아 돈,돈
돈 너무,돈
진짜 돈이 제일,돈
세뱃돈,돈
용돈,돈
벌써 추석,기념일
설이다,기념일
추석,기념일
설날인데,기념일
민족의 대 명절 설,기념일
명절,기념일
추석,기념일
오늘 추석,기념일
명절,기념일
추석이라,기념일
오늘 설이라,기념일
까치 까치 설날,기념일
설이라서,기념일
일,수
이,수
삼,수
사,수
오,수
육,수
칠,수
팔,수
구,수
십,수
하나,수
둘,수
셋,수
넷,수
다섯,수
여섯,수
일곱,수
여덟,수
아홉,수
열,수
십,수
이십,수
삼십,수
사십,수
오십,수
육십,수
칠십,수
팔십,수
구십,수
스물,수
서른,수
마흔,수
쉰,수
예순,수
일흔,수
여든,수
아흔,수
백,수
이백,수
삼백,수
사백,수
오백,수
육백,수
칠백,수
팔백,수
구백,수
천,수
이천,수
삼천,수
사천,수
오천,수
육천,수
칠천,수
팔천,수
구천,수
만,수
일만,수
이만,수
삼만,수
사만,수
오만,수
육만,수
칠만,수
팔만,수
구만,수
십만,수
이십만,수
삼십만,수
사십만,수
오십만,수
육십만,수
칠십만,수
팔십만,수
구십만,수
백만,수
일백만,수
이백만,수
삼백만,수
사백만,수
오백만,수
육백만,수
칠백만,수
팔백만,수
구백만,수
일천만,수
천만,수
이천만,수
삼천만,수
사천만,수
오천만,수
육천만,수
칠천만,수
팔천만,수
구천,수만
억,수
일억,수
이억,수
삼억,수
사억,수
오억,수
육억,수
칠억,수
팔억,수
구억,수
십억,수
이십억,수
삼십억,수
사십억,수
오십억,수
육십억,수
칠십억,수
팔십억,수
구십억,수
백억,수
일백억,수
이백억,수
삼백억,수
사백억,수
오백억,수
육백억,수
칙백억,수
팔백억,수
구백억,수
천억,수
일천억,수
이천억,수
삼천억,수
사천억,수
오천억,수
육천억,수
칠천억,수
팔천억,수
구천억,수
한 개,수
두 개,수
세 개,수
네 개,수
다섯 개,수
여섯 개,수
일곱 개,수
여덟 개,수
아홉 개,수
열 개,수
숫자,수
수,수
넘버,수
원,수
투,수
쓰리,수
포,수
파이브,수
식스,수
세번,수
에이트,수
에잇,수
나인,수
텐,수
일레븐,수
1,수
2,수
3,수
4,수
5,수
6,수
7,수
8,수
9,수
0,수
가나,언어국가
가봉,언어국가
괌,언어국가
과테말라,언어국가
그리스,언어국가
기니,언어국가
나이지리아,언어국가
남수단,언어국가
남아프리카 공화국,언어국가
네덜란드,언어국가
네팔,언어국가
노르웨이,언어국가
뉴질랜드,언어국가
니카라과,언어국가
대한민국,언어국가
한국,언어국가
우리나라,언어국가
우리 나라,언어국가
덴마크,언어국가
도미니카,언어국가
도미니카 공화국,언어국가
독일,언어국가
동티모르,언어국가
라오스,언어국가
라트비아,언어국가
러시아,언어국가
레바논,언어국가
레소토,언어국가
루마니아,언어국가
룩셈부르크,언어국가
르완다,언어국가
리비아,언어국가
리투아니아,언어국가
리히텐슈타인,언어국가
마다가스카르,언어국가
마셜 제도,언어국가
마카오,언어국가
마케도니아,언어국가
말라위,언어국가
말레이시아,언어국가
멕시코,언어국가
모나코,언어국가
모로코,언어국가
모리셔스,언어국가
몰도바,언어국가
몰디브,언어국가
몰타,언어국가
몽골,언어국가
미국,언어국가
미얀마,언어국가
바누아투,언어국가
바레인,언어국가
바티칸 시국,언어국가
바하마,언어국가
방글라데시,언어국가
베네수엘라,언어국가
베트남,언어국가
벨기에,언어국가
벨라루스,언어국가
벨리즈,언어국가
보스니아 헤르체고비나,언어국가
보츠와나,언어국가
볼리비아,언어국가
부룬디,언어국가
부탄,언어국가
북마리아나 제도,언어국가
북키프로스,언어국가
불가리아,언어국가
브라질,언어국가
브루나이,언어국가
사모아,언어국가
사우디아라비아,언어국가
사하라 아랍 민주 공화국,언어국가
산마리노,언어국가
세네갈,언어국가
세르비아,언어국가
소말리아,언어국가
솔로몬 제도,언어국가
수단,언어국가
수리남,언어국가
스리랑카,언어국가
스웨덴,언어국가
스위스,언어국가
스페인,언어국가
슬로바키아,언어국가
슬로베니아,언어국가
시리아,언어국가
싱가포르,언어국가
아랍에미리트,언어국가
아르메니아,언어국가
아르헨티나,언어국가
아이슬란드,언어국가
아일랜드,언어국가
아프가니스탄,언어국가
안도라,언어국가
알바니아,언어국가
알제리,언어국가
앙골라,언어국가
에스와티니,언어국가
에스토니아,언어국가
에콰도르,언어국가
에티오피아,언어국가
엘살바도르,언어국가
영국,언어국가
예멘,언어국가
오스트레일리아,언어국가
호주,언어국가
오스트리아,언어국가
온두라스,언어국가
요르단,언어국가
우간다,언어국가
우루과이,언어국가
우즈베키스탄,언어국가
우크라이나,언어국가
웨일즈,언어국가
이라크,언어국가
이스라엘,언어국가
이집트,언어국가
이탈리아,언어국가
인도,언어국가
인도네시아,언어국가
일본,언어국가
자메이카,언어국가
잠비아,언어국가
적도 기니,언어국가
조선민주주의인민공화국,언어국가
북한,언어국가
조지아,언어국가
중앙아프리카 공화국,언어국가
중화민국,언어국가
중화인민공화국,언어국가
체코,언어국가
칠레,언어국가
카메룬,언어국가
카자흐스탄,언어국가
카타르,언어국가
캄보디아,언어국가
캐나다,언어국가
케냐,언어국가
코모,언어국가
코소보,언어국가
코스타리카,언어국가
코트디부아르,언어국가
콜롬비아,언어국가
콩고 공화국,언어국가
콩고 민주 공화국,언어국가
쿠바,언어국가
쿠웨이트,언어국가
크로아티아,언어국가
키르기스스탄,언어국가
키프로스,언어국가
타지키스탄,언어국가
탄자니아,언어국가
태국,언어국가
터키,언어국가
토고,언어국가
통가,언어국가
투르크메니스탄,언어국가
투발루,언어국가
튀니지,언어국가
트리니다드 토바고,언어국가
파나마,언어국가
파라과이,언어국가
파키스탄,언어국가
파푸아뉴기니,언어국가
팔레스타인,언어국가
페루,언어국가
포르투갈,언어국가
폴란드,언어국가
프랑스,언어국가
핀란드,언어국가
필리핀,언어국가
헝가리,언어국가
홍콩,언어국가
국가,언어국가
이런 나라,언어국가
저런 나라,언어국가
이런 국가,언어국가
저런 국가,언어국가
이 나라,언어국가
저 나라,언어국가
유럽,언어국가
유,언어국가
유럽 유,언어국가
일본 엔,언어국가
엔 화,언어국가
방금 그 말 일본어,언어국가
방 금 그 말 영어,언어국가
중국,언어국가
대만,언어국가
사우디,언어국가
아랍에비리트,언어국가
남아프리카,언어국가
러시아도,언어국가
스페인어,언어국가
스페인어로도,언어국가
스페인어 뭐라고 하는데,언어국가
그리스어,언어국가
영어 뭐라고해,언어국가
영어,언어국가
영어로도,언어국가
일본어,언어국가
일본어로도,언어국가
독일어,언어국가
독일어 뭐라고해,언어국가
중국어,언어국가
중국 말,언어국가
일본 말,언어국가
우리 말,언어국가
한국어,언어국가
우리 말,언어국가
중국어로도,언어국가
우리 말로도,언어국가
한국어로도,언어국가
에스파냐 말,언어국가
에스파냐어,언어국가
라틴어,언어국가
라틴어로도,언어국가
그리스어로도,언어국가
영어 뭐라고 하는데,언어국가
유럽 유,언어국가
일본 엔,언어국가
엔 화,언어국가
방금 그 말 일본어,언어국가
방 금 그 말 영어,언어국가
중국,언어국가
대만,언어국가
사우디,언어국가
아랍에비리트,언어국가
남아프리카,언어국가
러시아도,언어국가
스페인어,언어국가
스페인어로도,언어국가
스페인어 뭐라고 하는데,언어국가
그리스어,언어국가
영어 뭐라고해,언어국가
영어,언어국가
영어로도,언어국가
일본어,언어국가
일본어로도,언어국가
독일어,언어국가
독일어 뭐라고해,언어국가
중국어,언어국가
중국 말,언어국가
일본 말,언어국가
우리 말,언어국가
한국어,언어국가
우리 말,언어국가
중국어로도,언어국가
우리 말로도,언어국가
한국어로도,언어국가
에스파냐 말,언어국가
에스파냐어,언어국가
라틴어,언어국가
라틴어로도,언어국가
그리스어로도,언어국가
영어 뭐라고 하는데,언어국가
덕진구,지역
금암동,지역
구로구,지역
금천구,지역
수원,지역
팔달구,지역
장안구,지역
군산도,지역
허서구,지역
제주도,지역
압구정,지역
북구,지역
남구,지역
강남구,지역
도봉구,지역
노원구,지역
강북구,지역
은평구,지역
성북구,지역
중랑구,지역
종로구,지역
동대문,지역
서대문,지역
중구,지역
성동구,지역
광진구,지역
강동구,지역
용산,지역
마포구,지역
강서구,지역
양천구,지역
영등포,지역
동작구,지역
관악구,지역
서초,지역
송파구,지역
송천동,지역
효자동,지역
덕진동,지역
인후동,지역
호성동,지역
팔복동,지역
동산동,지역
우아동,지역
조촌동,지역
반월동,지역
전주,지역
서울,지역
대구,지역
부산,지역
광주,지역
울산,지역
인천,지역
강릉,지역
속초,지역
과천,지역
군산,지역
창포길,지역
구리,지역
오산,지역
인제,지역
대전,지역
세종,지역
미룡동,지역
서초구,지역
경기도,지역
부천,지역
의정부,지역
울릉도,지역
강원도,지역
원주,지역
삼척,지역
춘천,지역
전라북도,지역
고양,지역
안양,지역
경기,지역
동두천,지역
나운동,지역
화순,지역
전라남도,지역
여수,지역
광양,지역
순천,지역
부안,지역
서울특별시,지역
광주광역시,지역
대구광역시,지역
울산광역시,지역
충청북도,지역
청주,지역
양주,지역
화성,지역
김포,지역
광명,지역
시흥,지역
평택,지역
안산,지역
용인,지역
하남,지역
여주,지역
이천,지역
안성,지역
의왕,지역
성남,지역
가평,지역
남양주,지역
화남,지역
안동,지역
광동구,지역
서울시,지역
용산구,지역
영등포구,지역
동대문구,지역
송파,지역
양구,지역
파주,지역
서대분구,지역
서대문구,지역
일산,지역
충북,지역
진천,지역
진천시,지역
화천,지역
화천군,지역
홍천,지역
홍천군,지역
강원,지역
횡성,지역
횡성군,지역
원주시,지역
인제군,지역
태백,지역
태백시,지역
동해,지역
동해시,지역
영월,지역
영월군,지역
정성,지역
정성군,지역
정선군,지역
평창,지역
평창군,지역
속초시,지역
삼척시,지역
고성,지역
고성군,지역
양구군,지역
양양,지역
양양군,지역
삼철,지역
제천,지역
제천시,지역
괴산군,지역
괴산,지역
보은군,지역
보은,지역
영동군,지역
영동,지역
옥천군,지역
옥천,지역
음성군,지역
음성,지역
단양군,지역
단양,지역
증평군,지역
증평,지역
충청남도,지역
태안군,지역
충남,지역
태안,지역
공주시,지역
공주,지역
부여군,지역
부여,지역
금산군,지역
금산,지역
서천군,지역
서천,지역
군산시,지역
옥서면,지역
옥구읍,지역
옥구,지역
청양군,지역
청양,지역
논산시,지역
논산,지역
당진시,지역
당진,지역
보령시,지역
보령,지역
예산군,지역
예산,지역
아산시,지역
아산,지역
천안시,지역
천안,지역
홍성군,지역
홍성,지역
계룡시,지역
계룡,지역
서천시,지역
대야,지역
대야면,지역
임실군,지역
전북,지역
임실,지역
장수군,지역
무주군,지역
완주군,지역
정읍,지역
익산시,지역
고창군,지역
남원시,지역
순창군,지역
익산,지역
김제,지역
김제시,지역
진안,지역
진안군,지역
무주,지역
부안군,지역
서산,지역
삼례,지역
동천동,지역
신촌,지역
종로,지역
여의도,지역
양산,지역
고창,지역
남원,지역
완주,지역
장수,지역
진도군,지역
전남,지역
완도군,지역
완도,지역
진도,지역
곡성군,지역
순창,지역
곡성,지역
여수시,지역
보성군,지역
해남,지역
장성군,지역
영광군,지역
신안,지역
광주시,지역
나주시,지역
나주,지역
광양시,지역
구례군,지역
구례,지역
함평시,지역
화순군,지역
함평,지역
고흥군,지역
고흥,지역
영광시,지역
영광,지역
목포시,지역
담양군,지역
담양,지역
해남시,지역
함평군,지역
무안군,지역
목포,지역
장성시,지역
화산시,지역
무안,지역
경북,지역
고령군,지역
경상북도,지역
고령,지역
예천군,지역
경산시,지역
경산,지역
상주시,지역
구미시,지역
구미,지역
칠곡군,지역
김천,지역
김천시,지역
칠곡,지역
경주,지역
포항시,지역
포항,지역
문경시,지역
문경,지역
울진군,지역
봉화군,지역
울릉군,지역
봉화,지역
영양군,지역
울진,지역
의성군,지역
군위군,지역
청도군,지역
성주군,지역
청송군,지역
양천시,지역
영덕군,지역
청도,지역
영덕,지역
군위,지역
영주시,지역
경남,지역
김해,지역
경상남도,지역
통영시,지역
제주,지역
진주,지역
의령,지역
의령군,지역
함안군,지역
거제,지역
거창,지역
산청군,지역
해운대,지역
이태원,지역
왕십리,지역
송퍼구,지역
하동,지역
하동군,지역
창원,지역
사천,지역
남해,지역
창녕,지역
창녕군,지역
함양군,지역
통영,지역
함양,지역
합천군,지역
양산시,지역
밀양시,지역
산청,지역
밀양,지역
거제시,지역
김해시,지역
사천시,지역
부산시,지역
서귀포,지역
서귀포시,지역
안덕면,지역
대정읍,지역
조전읍,지역
성산읍,지역
표선면,지역
남원읍,지역
한경면,지역
한림읍,지역
애월읍,지역
구좌읍,지역
청라2동,지역
인천시,지역
원당동,지역
당하동,지역
오류황길동,지역
연희동,지역
검암경서동,지역
불로대곡동,지역
검단동,지역
계양구,지역
동구,지역
서구,지역
부평구,지역
남동구,지역
대청동,지역
효동,지역
산내동,지역
평화동,지역
광산구,지역
해운대구,지역
영도구,지역
사하구,지역
해연제구구,지역
동래구,지역
수영구,지역
사상구,지역
중구구,지역
부산진구,지역
남구구,지역
보수동,지역
중앙동,지역
제송동,지역
송정동,지역
영주동,지역
동광동,지역
광복동,지역
남포동,지역
대구시,지역
달성군,지역
수성구,지역
달서구,지역
대덕구,지역
대전시,지역
유성구,지역
세종특별자치시,지역
세종시,지역
울산시,지역
울주군,지역
용산역,지역
성주,지역
성산,지역
상주,지역
충정남도,지역
충정북도,지역
마산,지역
홍대,지역
안암,지역
전라도,지역
전라,지역
충청도,지역
충청,지역
경상도,지역
경상,지역
아구몬 진화,디지몬
디지몬,디지몬
파워 디지몬,디지몬
가루몬 진화,디지몬
오메가몬,디지몬
나 진짜 디지몬,디지몬
옛날에 디지몬,디지몬
디지몬,디지몬
아구몬,디지몬
그레이몬,디지몬
메탈 그레이몬,디지몬
디지몬 테이머즈,디지몬
코로몬 아구몬 길몬 브이몬,디지몬
엔젤몬 파일드라몬 황제드라몬,디지몬
예전에 나 디지몬,디지몬
그 때 디지몬,디지몬
지금도 디지몬,디지몬
지금도 티비 디지몬,디지몬
지금도 투니버스에 디지몬,디지몬
디지몬스터,디지몬
디지몬 프론티어,디지몬
디지몬 세이버즈,디지몬
뽀로로,뽀로로
뽀롱뽀롱 뽀로로,뽀로로
난 세상에서 뽀로로,뽀로로
뽀로로 만큼,뽀로로
뽀로로 만한,뽀로로
중에 뽀로로,뽀로로
그 중에 뽀로로,뽀로로
크롱,뽀로로
귀여운 크롱,뽀로로
크롱 크롱,뽀로로
뽀통령,뽀로로
파워레인져,캐릭터
파워레인저,캐릭터
케로로,케로로
타마마,케로로
가루루,케로로
개구리 케로로,케로로
피카츄,포켓몬
포켓몬,포켓몬
포켓몬스터,포켓몬
파이리,포켓몬
꼬부기,포켓몬
꼬북이,포켓몬
이상해씨,포켓몬
이상해풀,포켓몬
이상해꽃,포켓몬
거북왕,포켓몬
리자드,포켓몬
리자몽,포켓몬
라이츄,포켓몬
피츄,포켓몬
재밌는 포켓몬,포켓몬
포켓몬스터 재밌는,포켓몬
이따 포켓몬스터,포켓몬
이따 투니버스 포켓몬스터,포켓몬
과제 너무,숙제
하기 싫은 과제,숙제
많은 과제,숙제
과제,숙제
이 과제,숙제
내일 과제,숙제
내일 까지 과제,숙제
숙제 너무,숙제
하기 싫은 숙제,숙제
많은 숙제,숙제
숙제,숙제
이 숙제,숙제
내일 숙제,숙제
내일 까지 숙제,숙제
이렇게 날씨도 좋은데,날씨
오늘 생각보다 춥네,날씨
오늘 날 좋아,날씨
오늘 날씨 죽인다,날씨
내일 날씨 좋을까,날씨
내일 날씨 어때,날씨
날씨 좋아,날씨
날씨 좋니,날씨
날씨 어떠니,날씨
영월 날씨 좋니,날씨
오늘 비 오니,날씨
눈 오니,날씨
날씨 비 와,날씨
오늘 눈 와,날씨
4월 12일 날씨 맑니,날씨
이번주 토요일 맑니,날씨
내일 맑니,날씨
이번 주 맑아,날씨
다음 주 구름 꼈니,날씨
이번 주 바람 부니,날씨
오늘 날씨 바람 부니,날씨
오늘 바람 부니,날씨
내일 구름 꼈니,날씨
모레 구름 꼈니,날씨
모레 비 올까,날씨
내일 눈 오니,날씨
내일 눈 올까,날씨
모레 흐릴까,날씨
내일 흐리니,날씨
내일 흐려,날씨
모레 흐려,날씨
내일 날씨 흐려,날씨
모레 날씨 흐리니,날씨
모레 맑니,날씨
오늘 맑은지 알려줘,날씨
포항 날씨 좋아,날씨
양양 오늘 날씨 알려줘,날씨
강릉 오늘 날씨좀 알려줄래,날씨
속초의 오늘 날씨는 어떨까,날씨
다다음 주 날씨 어때보여,날씨
글피 날씨 어때,날씨
글피 날씨 알려줘,날씨
인천 날씨 어때,날씨
오늘 날씨 알려줘,날씨
오늘 날씨좀 알려줄래,날씨
다음 달 날씨 어떨까,날씨
다음 주 날씨 어때보여,날씨
이번 주 날씨 어때,날씨
내일 날씨 알려줘,날씨
오늘 날씨 알려주라,날씨
이번 주 전주 날씨 알려줘,날씨
이번 주 날씨 알려줘,날씨
내일 부산 날씨 알려줄래,날씨
다음 주 논산 날씨 알려줘,날씨
3월 15일 날씨 알려줘,날씨
9월 12일 대구 날씨 알려줄래,날씨
날씨 좀 알려줄 수 있겠니,날씨
날씨 어떠니 좋니,날씨
오늘 날씨 좋니,날씨
날씨 어떤지 말해줄수 있을까,날씨
오늘 날씨 어때,날씨
4월 12일 날씨 어때,날씨
이번주 토요일 날씨 어때,날씨
다음 주 날씨 어때,날씨
날씨가 어떻게 돼,날씨
오늘 날씨좀 알려줄수 있니,날씨
내일 날씨 알려줄수 있어,날씨
이번 주 날씨 알려줄래,날씨
다음 주 날씨 알려줘,날씨
이번주 날씨 줘,날씨
다음주 날씨 알려줄래,날씨
이번 주 날씨는,날씨
이번 주 광명 날씨 알려줘,날씨
이번 주 울산 날씨 알려줘,날씨
이번 주 평택 날씨 알려줘,날씨
이번 주 광명 날씨 맑니,날씨
이번 주 울산 날씨 비 오니,날씨
내일 비 오니,날씨
오늘 비 와,날씨
이번 달 비 오니,날씨
이번 달 눈 오니,날씨
내일 비 오는지 알려줘,날씨
오늘 날씨 맑니,날씨
이번 주 광명 맑니,날씨
이번 주 울산 날씨 맑니,날씨
이번 주 서산 날씨 비 오니,날씨
오늘 눈 오니,날씨
오늘 눈 오는지 알려줘,날씨
내일 모레 눈 오는지 알려주라,날씨
내일 전주 바람 많이 부니,날씨
내일 서울 날씨 바람 많이 부는지 알려줘,날씨
이번 주 광주 날씨 알려줘,날씨
모레 날씨 알려주라,날씨
부천 날씨 알려줘,날씨
내일 부산 날씨 알려줘,날씨
내일 대구 날씨 알려줘,날씨
내일 대전 날씨 알려줘,날씨
내일 안산 날씨 알려줘,날씨
내일 군산 날씨 알려줘,날씨
내일 오산 날씨 알려줘,날씨
내일 날씨 뭐야,날씨
내일 전주 날씨 뭐야,날씨
오늘 금천구 날씨는,날씨
부산 날씨,날씨
원주 날씨 말해줄래,날씨
내일 날씨 알려주라,날씨
모레 부산 날씨 알려줘,날씨
오늘 대구 날씨 알려줘,날씨
모레 대구 날씨 알려줘,날씨
오늘 대전 날씨 알려줘,날씨
모레 안산 날씨 알려줘,날씨
오늘 군산 날씨 알려줘,날씨
모레 오산 날씨 알려줘,날씨
오늘 날씨 뭐야,날씨
모레 전주 날씨 뭐야,날씨
오늘 부산 날씨 알려줘,날씨
오늘 양평구 날씨는,날씨
고령 날씨,날씨
나주 날씨 말해줄래,날씨
내일 태백 날씨 알려주라,날씨
창포길 오늘 날씨 알려주라,날씨
덕진로 오늘 날씨 어때,날씨
양양읍 내일 날씨 어때,날씨
이번 주 옥구읍 날씨 어때,날씨
다음 주 장성로 날씨 어때,날씨
가평 날씨가 어떻게 돼,날씨
오늘 영월 날씨 좀 알려줄수 있니,날씨
내일 날씨 제주 알려줄수 있어,날씨
이번 주 사귀포시 날씨 알려줄래,날씨
세종시 다음 주 날씨 알려줘,날씨
이번주 서울 날씨 줘,날씨
서울 다음주 날씨 알려줄래,날씨
부안 날씨가 어떻게 돼,날씨
오늘 서천 날씨 좀 알려줄수 있니,날씨
내일 날씨 영덕 알려줄수 있어,날씨
이번 주 가로수길 날씨 알려줄래,날씨
구암 다음 주 날씨 알려줘,날씨
이번주 영등포 날씨 줘,날씨
구로 다음주 날씨 알려줄래,날씨
일산 날씨가 어떻게 돼,날씨
오늘 안암 날씨 좀 알려줄수 있니,날씨
이번 주 홍대 날씨 알려줄래,날씨
인천 다음 주 날씨 알려줘,날씨
이번주 보령 날씨 줘,날씨
경주 다음주 날씨 알려줄래,날씨
내일 비왔으면,날씨
내일은 비왔으면 좋겠다,날씨
눈 또 와,날씨
눈 많이 왔어,날씨
눈 쌓였어,날씨
눈 좀 안 왔으면,날씨
눈이 너무 많이 와,날씨
또 눈 내려,날씨
비 오냐,날씨
눈 오냐,날씨
비 오니,날씨
눈 오니,날씨
재밌는 이야기 해줘,농담
농담 들려줘,농담
농담 해줘,농담
농담,농담
농담 따먹기 해줘,농담
즐거운 이야기 해주라,농담
재밌는 말 해줘,농담
재미있는 말 들려줄수 있니,농담
재밌는 농담 들려주라,농담
재미있는 농담 말해줘,농담
재밌는 얘기 해줄래,농담
즐거운 얘기 해줄래,농담
재미있는 이야기 들려주라,농담
농담 해줄래,농담
사건 전해줘,뉴스
뉴스 알려줘,뉴스
뉴스 알려줄래,뉴스
소식 전해줘,뉴스
뉴스 전해줘,뉴스
뉴스 들려줘,뉴스
기사 전해줘,뉴스
신문 전해줘,뉴스
기사 알려줘,뉴스
신문 알려줄래,뉴스
기사 들려줘,뉴스
뉴스 ,뉴스
최근 뉴스 들려줘,뉴스
속보 뉴스 알려줘,뉴스
주요 뉴스 알려줘,뉴스
핫한 뉴스 알려줄래,뉴스
요즘 소식 전해줘,뉴스
최근 뉴스 전해줘,뉴스
뉴스,뉴스
뉴스 뭐니,뉴스
뉴스 나왔니,뉴스
뉴스 나왔었니,뉴스
티비 나왔니,뉴스
불법 뉴스,뉴스
나온 뉴스 알려줘,뉴스
나온 신문 읽어줘,뉴스
신문 읽어즐래,뉴스
나온 뉴스 들려줘,뉴스
나온 기사 읽어줄래,뉴스
나왔던 기사 읽어줘,뉴스
사건 알려줄래,뉴스
뉴스에서 뭐라고 했니,뉴스
사건 알려주라,뉴스
나온 뉴스,뉴스
사건 들려줘,뉴스
사건 알려줘,뉴스
사건 뉴스 알려줘,뉴스
사건 뉴스,뉴스
이 사람,뉴스
사건 뉴스 알려줄래,뉴스
누군지 알려줘,뉴스
사건 무슨 들려줘,뉴스
사건 무슨 전해줘,뉴스
사건 무슨 사건인지,뉴스
살인 사건 무슨,뉴스
사건 무슨 일있니,뉴스
가사 신문 읽어줘,뉴스
단독 뉴스 전해줘,뉴스
특보 뉴스 전해줘,뉴스
특종 뉴스 전해줘,뉴스
연예 뉴스 전해줘,뉴스
아이티 뉴스 전해줘,뉴스
정치 뉴스 전해줘,뉴스
주요 뉴스 들려줘,뉴스
정치 기사 전해줘,뉴스
단독 신문 전해줘,뉴스
주요 기사 알려줘,뉴스
핫한 신문 알려줄래,뉴스
요즘 기사 전해줘,뉴스
최근 신문 전해줘,뉴스
주요 기사 들려줘,뉴스
춤 춰줘,댄스
댄스 댄스,댄스
댄스 춰줘,댄스
너 춤 춰,댄스
춤 춰라,댄스
춤 춰,댄스
춤 추라고,댄스
춤 출래,댄스
춤 춰라,댄스
춤 추라고 했어,댄스
댄스 춰줄래,댄스
현란한 댄스 춰줘,댄스
춤 부탁해,댄스
댄스 추라 했다,댄스
댄스 춰달라고,댄스
댄스 추라고,댄스
댄스 춰줘,댄스
댄스 춰줄래,댄스
춤 춰줄래,댄스
춤 춰주세요,댄스
춤춰줘,댄스
제일 좋아하는 춤 춰줄래,댄스
댄스 타임,댄스
제일 좋아하는 댄스 춰줘,댄스
잘추는 춤 줘줘,댄스
춤춰줄수있니,댄스
춤춰주라,댄스
지금은 댄스 타임,댄스
댄스 댄스,댄스
춤 춰주라,댄스
댄스 춰줘,댄스
춤 춰줄수있니,댄스
춤한번 춰볼래,댄스
댄스 한번 보여줘,댄스
춤 한번 보여줘봐,댄스
춤춰볼래,댄스
댄스 춰줘,댄스
뭐 먹을까,맛집
서울 맛집 추천해줘,맛집
맛난 음식 추천해주라,맛집
충주 맛집 추천해줘,맛집
맛있는 음식 추천해주라,맛집
부산 맛집 추천해줘,맛집
김치 맛집 추천해줘,맛집
라면 음식 추천해주라,맛집
고기 음식 추천해줘,맛집
이런 음식 추천해줘,맛집
먹을 맛집 추천해주라,맛집
서울 맛집 알려줘,맛집
맛난 음식 알려주라,맛집
충주 맛집 알려줘,맛집
맛있는 음식 알려주라,맛집
부산 맛집 알려줘,맛집
김치 음식 알려줘,맛집
라면 음식 알려줘,맛집
고기 음식 알려주라,맛집
이런 음식 알려줘,맛집
먹을 음식 알려주라,맛집
대전 피자 맛집 어디 있니,맛집
맛집 어디 있지,맛집
떡갈비집 어디 맛있어,맛집
어디 맛있어,맛집
어디 맛있니,맛집
어디 맛있니,맛집
군산 맛집 어디야,맛집
거기 맛집 어디야,맛집
전주 맛집 어디야,맛집
서울 맛집 어디야,맛집
부산 맛집 어디야,맛집
광명 맛집 어디야,맛집
산천 맛집 어디야,맛집
대전 맛있는 음식점 알려줘,맛집
마포구 맛집 어디야,맛집
구로구 음식점 추천 좀,맛집
맛있는 음식점 알려줘,맛집
마포구 맛집 어디야,맛집
음식점 추천 좀,맛집
맛있는 음식점 알려줘,맛집
마포구 맛집 어디야,맛집
음식점 추천 좀 해줘,맛집
명언 알려줘,명언
좋은 말 해줘,명언
명언 들려줄래,명언
명언 해주라,명언
좋은 말 들려줘,명언
좋은 말 해주라,명언
좋은 말 좀 해줄래,명언
좋은 말 해주세요,명언
먼지,날씨to먼지
먼지도,날씨to먼지
먼지도 알려주겠니,날씨to먼지
미세먼지 어때,날씨to먼지
먼지 좀 어때,날씨to먼지
먼지도,날씨to먼지
먼지도 알려주겠니,날씨to먼지
먼지 어때,날씨to먼지
먼지,날씨to먼지
미세먼지,날씨to먼지
미세먼지 알려주겠니,날씨to먼지
먼지 어때,날씨to먼지
먼지,날씨to먼지
미세먼지도,날씨to먼지
먼지도 알려주겠니,날씨to먼지
먼지 어때,날씨to먼지
미세먼지 좀 어때,날씨to먼지
미세먼지도,날씨to먼지
먼지도 알려주겠니,날씨to먼지
먼지 어때,날씨to먼지
먼지,날씨to먼지
미세먼지,날씨to먼지
먼지 알려주겠니,날씨to먼지
미세먼지 어때,날씨to먼지
먼지,날씨to먼지
미세먼지도,날씨to먼지
먼지도 알려주겠니,날씨to먼지
먼지 어때,날씨to먼지
먼지 좀 어때,날씨to먼지
미세먼지도,날씨to먼지
먼지도 알려주겠니,날씨to먼지
미세먼지 어때,날씨to먼지
먼지,날씨to먼지
미세먼지,날씨to먼지
먼지 알려주겠니,날씨to먼지
먼지 어때,날씨to먼지
먼지,날씨to먼지
미세먼지도,날씨to먼지
먼지도 알려주겠니,날씨to먼지
미세먼지 어때,날씨to먼지
먼지 좀 어때,날씨to먼지
미세먼지도,날씨to먼지
먼지도 알려주겠니,날씨to먼지
미세먼지 어때,날씨to먼지
먼지,날씨to먼지
미세먼지,날씨to먼지
먼지 알려주겠니,날씨to먼지
미세먼지 어때,날씨to먼지
날씨,먼지to날씨
날씨도,먼지to날씨
날씨도 알려주겠니,먼지to날씨
날씨 어때,먼지to날씨
날씨 좀 어때,먼지to날씨
날씨도,먼지to날씨
날씨도 알려주겠니,먼지to날씨
날씨 어때,먼지to날씨
날씨,먼지to날씨
날씨,먼지to날씨
날씨 알려주겠니,먼지to날씨
날씨 어때,먼지to날씨
날씨,먼지to날씨
날씨도,먼지to날씨
날씨도 알려주겠니,먼지to날씨
날씨 어때,먼지to날씨
날씨 좀 어때,먼지to날씨
날씨도,먼지to날씨
날씨도 알려주겠니,먼지to날씨
날씨 어때,먼지to날씨
날씨,먼지to날씨
날씨,먼지to날씨
날씨 알려주겠니,먼지to날씨
날씨 어때,먼지to날씨
날씨,먼지to날씨
날씨도,먼지to날씨
날씨도 알려주겠니,먼지to날씨
날씨 어때,먼지to날씨
날씨 좀 어때,먼지to날씨
날씨도,먼지to날씨
날씨도 알려주겠니,먼지to날씨
날씨 어때,먼지to날씨
날씨,먼지to날씨
날씨,먼지to날씨
날씨 알려주겠니,먼지to날씨
날씨 어때,먼지to날씨
날씨,먼지to날씨
날씨도,먼지to날씨
날씨도 알려주겠니,먼지to날씨
날씨 어때,먼지to날씨
날씨 좀 어때,먼지to날씨
날씨도,먼지to날씨
날씨도 알려주겠니,먼지to날씨
날씨 어때,먼지to날씨
날씨,먼지to날씨
날씨,먼지to날씨
날씨 알려주겠니,먼지to날씨
날씨 어때,먼지to날씨
더 작게 말해줘,볼륨다운
더 작게 들려줄래,볼륨다운
작게 말해,볼륨다운
작게 말해주라,볼륨다운
조용히 해,볼륨다운
조용히 하라고,볼륨다운
더 작게 말 하라니깐,볼륨다운
더 작게 말해,볼륨다운
볼륨 낮춰,볼륨다운
볼륨 줄여,볼륨다운
소리 줄여,볼륨다운
소리 작게 해줘,볼륨다운
소리 낮춰,볼륨다운
소리 작게 말해,볼륨다운
말 소리 작게 해,볼륨다운
더 작게 말해,볼륨다운
소리 낮춰,볼륨다운
목소리가 크네,볼륨다운
목소리 크구나,볼륨다운
목소리 너무 커,볼륨다운
시끄러워,볼륨다운
시끄러우니까 조용해,볼륨다운
시끄러우니까 조용히 해,볼륨다운
시끄럽다니까,볼륨다운
시끄럽다고,볼륨다운
목소리 너무 큰데,볼륨다운
목소리 너무 큰 거 아니니,볼륨다운
더 작게 말해줘,볼륨다운
더 작게 들려줄래,볼륨다운
작게 말해,볼륨다운
작게 말해주라,볼륨다운
조용히 해,볼륨다운
조용히 하라고,볼륨다운
더 작게 말 하라니깐,볼륨다운
더 작게 말해,볼륨다운
볼륨 낮춰,볼륨다운
볼륨 줄여,볼륨다운
소리 줄여,볼륨다운
소리 작게 해줘,볼륨다운
소리 낮춰,볼륨다운
소리 작게 말해,볼륨다운
말 소리 작게 해,볼륨다운
더 작게 말해,볼륨다운
소리 낮춰,볼륨다운
시끄러워,볼륨다운
시끄러우니까 조용해,볼륨다운
시끄러우니까 조용히 해,볼륨다운
시끄럽다니까,볼륨다운
시끄럽다고,볼륨다운
더 크게 말해줘,볼륨업
더 크게 들려줄래,볼륨업
크게 말해,볼륨업
크게 말해주라,볼륨업
잘 안들리는데,볼륨업
잘 안들려,볼륨업
잘 안들린다고,볼륨업
더 크게 말 하라니깐,볼륨업
더 크게 말해,볼륨업
볼륨 키워,볼륨업
볼륨 올려,볼륨업
소리 키워,볼륨업
소리 크게 해줘,볼륨업
소리 키워,볼륨업
소리 크게 말해,볼륨업
말 소리 크게 해,볼륨업
더 크게 말해,볼륨업
잘 안들려,볼륨업
잘 안들린다고,볼륨업
잘 안 들린다고,볼륨업
크게 말 하라니깐,볼륨업
더 크게 말해,볼륨업
더 크게 말해줘,볼륨업
더 크게 들려줄래,볼륨업
크게 말해,볼륨업
크게 말해주라,볼륨업
잘 안들리는데,볼륨업
잘 안들려,볼륨업
잘 안들린다고,볼륨업
더 크게 말 하라니깐,볼륨업
더 크게 말해,볼륨업
볼륨 키워,볼륨업
볼륨 올려,볼륨업
소리 키워,볼륨업
소리 크게 해줘,볼륨업
소리 키워,볼륨업
소리 크게 말해,볼륨업
말 소리 크게 해,볼륨업
더 크게 말해,볼륨업
잘 안들려,볼륨업
잘 안들린다고,볼륨업
잘 안 들린다고,볼륨업
크게 말 하라니깐,볼륨업
더 크게 말해,볼륨업
그 건 지루했어,심심
지루한데,심심
너무 심심해,심심
나 지루해,심심
지루해,심심
나 심심해,심심
이거 지루해,심심
무료하다,심심
난 심심해 죽겠다,심심
심심해,심심
너무 할 게 없다,심심
진짜 너무 심심해,심심
심심하다,심심
진짜 심심해,심심
너무 심심하다,심심
아 할 거 없어,심심
할 거 없다,심심
너무 심심해 난,심심
심심해 너무나,심심
그 건 지루했어,심심
지루한데,심심
너무 심심해,심심
나 지루해,심심
지루해,심심
나 심심해,심심
이거 지루해,심심
무료하다,심심
진짜 심심해 죽겠다,심심
심심해요,심심
너무 할 게 없네요,심심
진짜 나 심심해요,심심
심심하네요,심심
난 심심해요,심심
너무 심심하네요,심심
아 할 거 없어요,심심
할 거 없네요,심심
너무 심심해 진짜요,심심
심심해 너무나요,심심
그 건 지루했어요,심심
지루한데요,심심
나 심심해요,심심
나 지루해요,심심
지루해요,심심
나 심심해요,심심
이거 지루해요,심심
무료하네요,심심
진짜 심심해 죽겠네요,심심
심심해요,심심
너무 할 게 없네요,심심
난 너무 심심해요,심심
심심하네요,심심
진짜 심심해요,심심
나 심심하네요,심심
아 할 거 없어요,심심
할 거 없네요,심심
나 심심해요,심심
심심해 너무나요,심심
그 건 지루했어요,심심
지루한데요,심심
너무 심심해요,심심
나 지루해요,심심
지루해요,심심
나 심심해요,심심
이거 지루해요,심심
오늘 5시에 깨워줄래,알람목적
내일 2시에 깨워줄래,알람목적
모레 3시에 깨워줘요,알람목적
이따 알람 맞춰줘요,알람목적
내일 7시에 알람 맞춰줄래요,알람목적
오늘 6시에 알람 맞춰줘요,알람목적
내일 12시에 깨워줄래,알람목적
모레 9시에 알람 맞춰주라,알람목적
내일 12시에 깨워줄래,알람목적
이따가 깨워줘,알람목적
이따 알람 맞춰줄래요,알람목적
이따가 7시에 나 좀 깨워주세요,알람목적
내일 12시에 알람 맞출거야요,알람목적
이따 깨워주세요,알람목적
다음주 2시에 알람 맞춰줘요,알람목적
이따가 숙제 하라고 메모 해줄래,알람목적
2시에 과제 하라고 메모 해줘,알람목적
6시에 엄마한테 전화 하라고 메모 해주라,알람목적
10시에 깨워 줄 수 있니,알람목적
7시에 옷 입고 준비 메모 해줘,알람목적
4시에 일기  쓰라고 알람 맞춰주세요,알람목적
12시에 밥 먹으라고 알람 맞춰줘요,알람목적
2시에 마트 가야 한다고 알람 맞춰줄래요,알람목적
4시에 노트 필기 하는거 메모 해줘,알람목적
이따가 메모 좀 해주라,알람목적
오늘 청소하라고 메모 해줘요,알람목적
메모 해주라,알람목적
알람 맞춰줄래요,알람목적
30분 뒤에 깨워줘,알람목적
1시간 후에 깨워줘요,알람목적
2시간 후에 깨워줘,알람목적
40분 있다가 깨워주세요,알람목적
한 20분 정도 뒤에 깨워줄래,알람목적
이따 저녁 2시에 깨워줄래,알람목적
이따 오전 2시에 깨워줘,알람목적
모레 저녁 5시에 깨워줘요,알람목적
모레 아침 3시에 깨워줄래요,알람목적
내일 아침 8시에 꺠워줘요,알람목적
내일 저녁 8시에 깨워줘요,알람목적
내일 정오에 꺠워줄래,알람목적
내일 오전6시 반에 깨워줘,알람목적
내일 오후 7시 정각에 숙제하라고 해줘,알람목적
내일 3시에 깨워줄래요,알람목적
12월 22일에 알람 맞춰줘요,알람목적
8월 30일에 알람 맞춰줘,알람목적
4월 24일에 알람 맞춰줘,알람목적
1월 23일에 알람 맞춰줄래요,알람목적
9월 12일에 영화 예매하라고 알람 맞춰줘요,알람목적
3월12일에 셤공부하라고 알람 맞춰줘,알람목적
10월 21일에 생일이라고 알람 맞춰줘,알람목적
8월 12일에 축구한다고 알람 맞춰줄래요,알람목적
주말 7시에 축구한다고 알람 맞춰줘요,알람목적
주말 아침 9시에 일어나라고 알람 맞춰줘,알람목적
주말 아침 8시에 일어나라고 알람 맞춰줄래,알람목적
월요일 아침8시에 일어나라고 알람 맞춰줘,알람목적
수요일 아침 8시에 깨워줄래요,알람목적
목요일 저녁 10시에 약속있다고 알람 맞춰줘요,알람목적
내일모레 친구랑 약속있다고 알람 맞춰줄래요,알람목적
평일 매일 아침 8시에 깨워줘,알람목적
평일 매일 저녁 5시에 알바가라고 알람 맞춰줘요,알람목적
내일 오후 5시 30분에 책 사라고 알람 맞춰줘요,알람목적
오늘 오후 7시 20분에 수영 수업 있다고 알람 맞춰줄래요,알람목적
있다가 청소하라고 알람 맞춰줘,알람목적
저녁 5시에 청소하라고 해줘요,알람목적
오늘 6시에 티비보라고 해줄래,알람목적
오늘 오후 10시에 핸드폰 충전하라고 해줘요,알람목적
오후 10시에 단소 챙기라고 해줘요,알람목적
8월 24일에 스위스 여행 메모해줘,알람목적
9월 1일에 일본 여행 메모해줄래,알람목적
오후 5시에 이어폰 사라고 알람 맞춰줘요,알람목적
오늘 오후 7시 30분에 공부하라고 알람 맞춰줘요,알람목적
오전 10시에 공부하라고 해줄래요,알람목적
내일 7시 10분에 깨워줄래,알람목적
내일 6시 20분에 깨워줘요,알람목적
내일 8시 50분에 깨워줘,알람목적
오늘 오후 9시에 깨워줄래요,알람목적
3월 4일에 알람 맞춰줄래,알람목적
3월 6일에 알람 맞춰줄래요,알람목적
3월 5일에 알람 맞춰줘,알람목적
3월 7일에 알람 맞춰줘요,알람목적
3월 8일에 알람 맞춰줄래,알람목적
3월 9일에 알람 맞춰줄래요,알람목적
3월 10일에 알람 맞춰줘요,알람목적
3월 열한일에 알람 맞춰줄래,알람목적
3월 12일에 알람 맞춰줄래요,알람목적
7시 am에 알람 맞춰줘,알람목적
점심 1시에 밥 먹으라고 알람 맞춰줘,알람목적
오늘 저녁 1시에 쇼핑가라고 알람 맞춰줄래요,알람목적
내일 2시에 점심 약속 있다고 알람 맞춰줄래요,알람목적
pm 1시에 깨워줘,알람목적
7시 정각에 알람 맞춰줘,알람목적
점심 1시에 밥 먹으라고 알람 맞춰줄래,알람목적
오늘 저녁 1시에 쇼핑가라고 알람 맞춰줄래요,알람목적
내일 2시에 점심 약속 있다고 알람 맞춰줘요,알람목적
10시 5분 전에 알람 맞춰줘,알람목적
11시 20분 전에 알람 맞춰줄래,알람목적
열두시에 시험 공부 하라고 알람 맞춰줘요,알람목적
메모 해줄래요,알람목적
이따가 메모 해줄래,알람목적
오늘 2시에 쇼핑 하라고 알람 맞춰줘,알람목적
오늘 2시에 일어나야해요,알람목적
새벽 2시에 일어나야해요,알람목적
점심 2시에 일어나야해,알람목적
내일 2시에 일어나야해,알람목적
내일 2시에 일어나야해요,알람목적
6월 21일 영화 예매하라고 알람 맞춰줄래요,알람목적
오늘 2시에 알람 맞춰줄래,알람목적
4월 20일에 중간고사라고 알람 맞춰줄래요,알람목적
12월 11일에 점심 약속 있다고 알람 맞춰줄래요,알람목적
내일 2시에 알람 맞춰줘,알람목적
내일 6시에 축구 보라고 알람 맞춰줄래,알람목적
이따 2시 쯤에 열두시에 알람 맞춰줄래요,알람목적
이따가 6시쯤에 만화 보라고 메모해줄래요,알람목적
오후 2시쯤 메모 해주라고 알람 맞춰줄래요,알람목적
매일 2시에 알람 맞춰줘,알람목적
월요일 오후 4시에 알람 맞춰줄래,알람목적
내일 1시에 알람 맞춰줄래요,알람목적
내일 5시에 25분알람 맞춰줘요,알람목적
모레 1시에 알람 맞춰줄래요,알람목적
오늘 5시에 알람 맞춰줄래,알람목적
내일 1시에 25분알람 맞추고 싶은데,알람목적
오늘 1시에 알람 맞추고 싶은데요,알람목적
모레 12시에 25분알람 맞추고 싶은데요,알람목적
내일 1시에 알람 맞추고 싶은데요,알람목적
모레 1시에 알람 맞추고 싶은데,알람목적
내일 모레 열두시에 점심 약속 알람 맞추고 싶은데요,알람목적
오늘 2시에 25분알람 맞출래,알람목적
내일 2시에 알람 맞출래요,알람목적
모레 2시에 25분알람 맞출래요,알람목적
오전 2시에 알람 맞출래요,알람목적
오후 2시에 알람 맞출래,알람목적
새벽 2시에 25분알람 맞출래,알람목적
점심 2시에 알람 맞출래,알람목적
저녁 8시에 12분 알람 맞출래요,알람목적
밤 12시에 알람 맞출래요,알람목적
밤 2시에 알람 맞출래,알람목적
밤 열두시에 12분 알람 맞출래요,알람목적
밤 12시에 알람 맞출래요,알람목적
오늘 오후 2시 30분에 축구 약속 있다고 알람 맞춰줄래요,알람목적
내일 6시에 농구 할거야 알람 맞춰줘,알람목적
아침 7시 30분에 유치원 갈거야 알람 맞춰줄래,알람목적
내일 8시 반에 점심 약속 있다고 알람 맞춰줄래요,알람목적
오늘 오후 2시에 축구 약속 있다고 알람 맞춰줄래요,알람목적
내일 2시 열두분에 농구 할거야 알람 맞춰줘,알람목적
아침 7시에 유치원 갈거야 알람 맞춰줄래요,알람목적
오늘 4시에 깨워줄래,알람목적
이따가 깨워주세요,알람목적
내일 12시에 공부 해야한다고 메모 해주세요,알람목적
이따가 1시에 영화 볼거라고 메모 해줘요,알람목적
오늘 2시에 드라마 한다고 메모 해줘,알람목적
오늘 4시에 숙제 하라고 알람 맞춰줄래,알람목적
오늘 오후 5시 알람 맞춰줘,알람목적
오늘 점심 12시 알람 맞춰주세요,알람목적
10시간 후에 알람 맞춰주세요,알람목적
10시간 있다가 알람 맞춰주세요,알람목적
11시간 후에 알람 맞춰줄래,알람목적
11시간 있다가 알람 맞춰줄래요,알람목적
열두시간 후에 알람 맞춰주라,알람목적
열두시간 있다가 알람 맞춰주세요,알람목적
오늘 저녁 1시에 쇼핑가라고 알람 맞춰줄래,알람목적
내일 2시에 점심 약속 있다고 메모해줘요,알람목적
pm 1시에 깨워줄래요,알람목적
7시 정각에 알람 맞춰줄래,알람목적
점심 1시에 밥 먹으라고 메모해줘요,알람목적
오늘 저녁 1시에 쇼핑가라고 알람 맞춰줄래,알람목적
내일 2시에 점심 약속 있다고 메모해줘요,알람목적
10시 5분 전에 알람 맞춰주라,알람목적
열한시 20분 전에 알람 맞춰줄래요,알람목적
12시에 시험 공부 하라고 알람 맞춰줄래,알람목적
메모 해줘요,알람목적
이따가 메모 해줄래,알람목적
오늘 2시에 쇼핑 하라고 알람 맞춰줘요,알람목적
이번 주 주말에 쇼핑 가라고 메모해줄래,알람목적
내일 3시 반에 점심 약속 있다고 메모해줘요,알람목적
pm 1시에 깨워줘요,알람목적
7시 정각에 알람 맞춰주라,알람목적
점심 1시에 밥 먹으라고 메모해줄래,알람목적
오늘 저녁 6시 40분에 쇼핑가라고 알람 맞춰줘,알람목적
내일 2시에 점심 약속 있다고 메모해줄래요,알람목적
10시 5분 전에 알람 맞춰줘,알람목적
11시 20분 전에 알람 맞춰줄래,알람목적
12시에 시험 공부 하라고 알람 맞춰주세요,알람목적
열두시 30분 메모 해줘,알람목적
이따가 메모 해줄래,알람목적
오늘 2시에 알람 맞춰줘,알람목적
내일 2시 반에 알람 맞춰줄래요,알람목적
이따가 5시에 학원 숙제 하라고 알람 맞춰줘,알람목적
50분 후에 좀 알람 맞춰줄래,알람목적
내일 7시에 알람 맞춰주라,알람목적
9시에 알람 맞춰줄래요,알람목적
17시 정각에 알람 맞춰줘요,알람목적
점심 12시 30분에 밥 먹으라고 메모해줄래,알람목적
오늘 저녁 1시 12분에 쇼핑가라고 알람 맞춰줘요,알람목적
내일 2시에 점심 약속 있다고 메모해줘요,알람목적
오늘 오후 2시에 축구 약속 있다고 메모해줘요,알람목적
내일 2시 30분에 농구 할거야 알람 맞춰주세요,알람목적
아침 7시에 유치원 갈거야 알람 맞춰줘요,알람목적
오늘 2시에 알람 맞춰줘요,알람목적
내일 2시 30분에 점심 약속 있다고 메모해줘요,알람목적
오늘 오후 2시에 축구 약속 있다고 메모해줘요,알람목적
내일 2시에 농구 할거야 알람 맞춰줘요,알람목적
아침 7시에 유치원 갈거야 알람 맞춰주세요,알람목적
내일 12시에 점심 약속 있다고 메모해줘요,알람목적
오늘 오후 2시 30분에 축구 약속 있다고 메모해줘요,알람목적
내일 5시에 농구 할거야 알람 맞춰줘요,알람목적
이따가 깨워주세요,알람목적
내일 열두시에 공부 해야한다고 메모 해주세요,알람목적
이따가 1시에 영화 볼거라고 메모 해줄래요,알람목적
오늘 2시에 드라마 한다고 메모 해줄래요,알람목적
오늘 4시에 숙제 하라고 메모해줘요,알람목적
오늘 오후 5시 메모해줄래요,알람목적
오늘 점심 열두시 알람 맞춰주세요,알람목적
정오에 알람 맞춰줄래요,알람목적
자정에 메모해줄래요,알람목적
am 7시에 깨워줘요,알람목적
7시 am에 알람 맞춰줄래요,알람목적
점심 1시에 밥 먹으라고 메모해줘요,알람목적
오늘 저녁 1시에 쇼핑가라고 알람 맞춰주세요,알람목적
내일 2시에 점심 약속 있다고 메모해줘요,알람목적
pm 1시에 깨워줄래요,알람목적
로또번호 알려줘,위키
알려줄래,위키
알려주라,위키
알려주세요,위키
알려주실까요,위키
알려줘,위키
궁금해,위키
궁금하군,위키
궁금하네,위키
궁금하구만,위키
궁금해요,위키
궁금해 죽겠어요,위키
윤동주 누구에요,위키
박미선 궁금해,위키
문재인 궁금해,위키
노라조 궁금해,위키
전라북도 뜻 뭐야 ,위키
대해서 알려주라,위키
대해서 알려줘,위키
누군지 궁금해,위키
박미선 누군가요,위키
권지용 누구야,위키
문재인 누구에요,위키
색연필 뜻 뭐야 ,위키
소크라테스 누군가요,위키
호랑이 뜻 뭐야 ,위키
사과 뜻 뭐야 ,위키
뜻 알려줘,위키
뜻 알려줘,위키
누군지 궁금해,위키
박미선 누구야,위키
권지용 누구에요,위키
문재인 누구야,위키
색연필 뜻 뭐야 ,위키
소크라테스 누구에요,위키
호랑이 뜻 뭐야 ,위키
사과 뜻 뭐야 ,위키
번호 알려줘,위키
알려줄래,위키
알려주라,위키
알려주세요,위키
알려주실까요,위키
알려줘,위키
궁금해,위키
궁금하군,위키
궁금하네,위키
궁금하구만,위키
궁금해요,위키
궁금해 죽겠어요,위키
윤동주 누구에요,위키
박미선 궁금해,위키
문재인 궁금해,위키
노라조 궁금해,위키
전라북도 뜻 뭐야 ,위키
대해서 알려주라,위키
대해서 알려줘,위키
누군지 궁금해,위키
교황 누군가요,위키
권지용 누구야,위키
문재인 누구에요,위키
집 뭐야,위키
스키 누군가요,위키
무당 뭐야,위키
참외 뭐야,위키
뜻 알려줘,위키
뜻 알려줘,위키
누군지 궁금해,위키
박미선 누구야,위키
김지원 누구에요,위키
박효신 누구야,위키
색연필 뭐야,위키
실키보이즈 누구에요,위키
호랑이 뭐야,위키
상자 뭐야,위키
요즘 이슈 알려줘,이슈목적
요즘 사회적인 이슈 알려줘,이슈목적
최근 이슈 알려줘,이슈목적
정치적 이슈 알려줘,이슈목적
요즘 이슈 알려줘,이슈목적
요즘 사회적인 이슈 알려줘,이슈목적
최근 이슈 알려줘,이슈목적
요즘 무슨일이 있었니,이슈목적
요슴 있던일 알려줘,이슈목적
최근 있던일 알려줘,이슈목적
요즘 핫한게 뭐니,이슈목적
최근 핫했던것 알려줘,이슈목적
요즘 최신의 이슈가 뭐니,이슈목적
요즘 핫했던 이슈 알려줘,이슈목적
요즘 뜨는 일 알려줘,이슈목적
핫했던 거 알려줄래,이슈목적
요즘 주요 이슈 알려줘,이슈목적
이슈 어떤 게 있어,이슈목적
요즘 가장 화제가 됐던 거 알려줘,이슈목적
화제의 이슈 알려줘,이슈목적
화제의 사건 뭐 있니,이슈목적
요즘 화제의 사건 알려줘,이슈목적
이슈 알려주라,이슈목적
요즘 가장 유행하는게 뭐니,이슈목적
최근 가장 유행하는게 뭐니,이슈목적
요즘 뜨는게 뭐니,이슈목적
요즘 가장 뜨는게 뭐니,이슈목적
요즘 무슨일이 있었니,이슈목적
요슴 있던일 알려줘,이슈목적
최근 있던일 알려줘,이슈목적
요즘 핫한게 뭐니,이슈목적
최근 핫했던것 알려줘,이슈목적
요즘 최신의 이슈가 뭐니,이슈목적
요즘 핫했던 이슈 알려줘,이슈목적
요즘 뜨는 일 알려줘,이슈목적
핫했던 거 알려줄래,이슈목적
요즘 주요 이슈 알려줘,이슈목적
이슈 어떤 게 있어,이슈목적
요즘 가장 화제가 됐던 거 알려줘,이슈목적
화제의 이슈 알려줘,이슈목적
화제의 사건 뭐 있니,이슈목적
요즘 화제의 사건 알려줘,이슈목적
이슈 알려주라,이슈목적
요즘 가장 유행하는게 뭐니,이슈목적
최근 가장 유행하는게 뭐니,이슈목적
요즘 뜨는게 뭐니,이슈목적
요즘 가장 뜨는게 뭐니,이슈목적
고마운데 괜찮아,거절
고맙지만 됐어,거절
괜찮아,거절
아냐 괜찮아,거절
안 할건데,거절
아니 괜찮아 됐다,거절
아니 안 할 거니까 안 그래도 돼,거절
아니 안 먹을 거니까 하지마,거절
하지마,거절
아냐 됐어,거절
아니야 고마운데 됐어,거절
아니야 괜찮아,거절
아니야 됐어,거절
하지 말라고,거절
필요 없어,거절
취소해줘,거절
취소해,거절
취소,거절
중지,거절
적당히 하라고,거절
야 그만 하랬지,거절
아무것도 하지 마,거절
신경 쓰지 마,거절
됐어,거절
닫기,거절
다 됐어,거절
그만 하라니까,거절
그만 하라고 했잖아,거절
그만 하라고,거절
그만,거절
됐다,거절
됐다고,거절
됐다니까,거절
아니 됐다고,거절
안 할 거라고,거절
안 할 건데,거절
안 할 거야,거절
그 건 안 할래,거절
안 할래,거절
안 하려고,거절
싫어,거절
싫어 안 할 거야,거절
싫다고,거절
아니 싫은데,거절
그니까 진짜,공감
정말 그렇네,공감
진짜 그렇네,공감
공감되네,공감
공감된다,공감
정말 공감돼,공감
맞아 그렇지,공감
맞아 맞아,공감
맞아 정말 그래,공감
응 진짜 공감,공감
맞는 것 같아,공감
맞네 맞아,공감
진짜 그렇네,공감
하긴 그렇지,공감
그렇긴 하지,공감
그렇긴 해,공감
그렇지 그래,공감
맞아 그거야,공감
맞아 바로 그거지,공감
그렇다니까 참,공감
그렇다니깐,공감
그게 맞지,공감
맞아 맞아 진짜 그래,공감
맞아 그렇네,공감
그러고 보니 그렇네,공감
그러고 보니 그래,공감
해보니 그러네,공감
보니까 그러네,공감
아하 그러네,공감
아하 그렇네,공감
아하 그렇구나,공감
아 그렇구나,공감
해보니 그렇구나,공감
해보니까 그렇네,공감
보니 그랬었네,공감
아하 그랬었구나,공감
그랬었네,공감
그렇게 했었네,공감
맞아 그러고 보니 그래,공감
그러고 보니 그렇네,공감
공감 되는구나,공감
진짜 공감 돼,공감
공감 되는군,공감
공감돼서,공감
역시 공감 되네,공감
너 말에 공감 돼,공감
응 그렇지,긍정
응 그래,긍정
응 알았어,긍정
알겠어,긍정
알았어,긍정
알았다고,긍정
응 알았다,긍정
아하 알았어,긍정
그래 알았어,긍정
그래 알았다,긍정
그래 그래,긍정
그래,긍정
알겠어 그래,긍정
그래 알았다고,긍정
그래 그래 알았다,긍정
그래 알겠다고,긍정
알겠다니깐,긍정
알겠다니까,긍정
이제 알았어,긍정
오케이,긍정
오키,긍정
오케이 알았다,긍정
오키 알았어,긍정
오케이 그래,긍정
그래 오키,긍정
오케이 알았어,긍정
아하 알았어,긍정
아하 오케이,긍정
아하 알았단다,긍정
알았단다,긍정
알았어 알았어,긍정
아하 알았다고,긍정
그래 그래 알았단다,긍정
알겠단다,긍정
그래 이제 알겠단다,긍정
이제야 알겠네,긍정
아니야,부정
아니라고,부정
그 건 아니지,부정
그 건 아니야,부정
그 건 아닌 것 같은데,부정
아니지,부정
아니라니까,부정
아니라니깐,부정
그 건 좀 아닌 것 같은데,긍정
아니야 그 건,부정
아 좀 아닌데,부정
좀 아니다,부정
좀 아니네,부정
아니지 그 건,부정
이런 건 아니다,부정
이게 아니야,부정
건 좀 아니지,부정
에이 그런 건 아니네,부정
좀 아닌듯 해,부정
아닌듯,부정
아닌듯 한데,부정
아니지 그 건,부정
아니잖아,부정
그 거 아니잖아,부정
아니라니까 그러네,부정
아니 아까 아니라고 했잖아,부정
그런 거 아닌데,부정
사실 아니야,부정
아니야 됐어,부정
아니야 됐다고,부정
아니야 됐어 이제,부정
흥 아니야,부정
아니라고 했다,부정
아니라고 했다,부정
진짜 아니라 했다,부정
꺼져,비난
꺼지라고,비난
개 못하네,비난
할 줄 아는게 뭐냐,비난
말 못 알아 듣네,비난
꺼져라,비난
꺼지라고 했다,비난
진짜 못 알아 듣는다,비난
잘 못 들었어,잘못들음
잘못 들었어,잘못들음
잘못 들음,잘못들음
잘 못 들음,잘못들음
다시 말 해,잘못들음
다시 말해줘,잘못들음
다시 말해주라,잘못들음
다시 말해줄래,잘못들음
잘못 들었다고,잘못들음
잘 못 들었다고,잘못들음
아 잘 못 들었어,잘못들음
아 다시 말해봐,잘못들음
잘 못 들었다니까,잘못들음
다시 말해 주겠니,잘못들음
한 번만 다시 말해,잘못들음
다시 한 번 말해줘,잘못들음
다시 말해 달라고,잘못들음
아니 다시 말하라고,잘못들음
다시 말해 달라고,잘못들음
야 다시 말해,잘못들음
잘못 들었네,잘못들음
나 잘못 들었어,잘못들음
나 잘 못 들었어,잘못들음
다시 말하라고,잘못들음
뭐라고,잘못들음
뭐라고 했니,잘못들음
뭐라고 했냐,잘못들음
아까 뭐라고 했니,잘못들음
방금 뭐라고,잘못들음
뭐라고 했어,잘못들음
뭐라고 말했니,잘못들음
잘 못 들었는데 아까 뭐라고,잘못들음
아까 뭐라고 했었냐,잘못들음
아까 뭐라 했냐,잘못들음
방금 뭐라 했냐,잘못들음
뭐라고 했었지,잘못들음
뭐라고 했었냐,잘못들음
방금 뭐라고 했었지,잘못들음
아까 뭐라고 했었지,잘못들음
뭐라고 잘 못들었어,잘못들음
뭐라고 잘 못들었네,잘못들음
진짜냐,진위판별
정말이냐,진위판별
그 거 진짜냐,진위판별
설마 진짜냐,진위판별
그 거 사실이냐,진위판별
혹시 사실이냐,진위판별
그 거 정말이냐,진위판별
설마 사실인지,진위판별
사실 맞는지,진위판별
그 게 정말인지,진위판별
헐 그게 진짜니,진위판별
그게 진짜였니,진위판별
가짜냐,진위판별
진짜였냐,진위판별
그 게 가짜냐,진위판별
가짜일리 없는데,진위판별
진짜일리,진위판별
진짜일 거야,진위판별
가짜일 거야,진위판별
가짜네,진위판별
진짜네,진위판별
가짜일 걸,진위판별
진짜 일걸,진위판별
헐 진짜,진위판별
헐 정말이니,진위판별
정말이니,진위판별
정말,진위판별
헐 그 거 진짜냐,진위판별
허걱 정말이냐,진위판별
그래서 너 몇 살이라고,나이몇살이니
그럼 몇살인데,나이몇살이니
나 열 한 살이야,나이몇살이니
나이 몇 살인데,나이몇살이니
나이 알려달라고,나이몇살이니
나이 알려줘,나이몇살이니
나이 몇살이야,나이몇살이니
나이 몇이야,나이몇살이니
나이 어떻게 돼,나이몇살이니
나이 알려줘,나이몇살이니
너 네 살이냐,나이몇살이니
너 몇 살,나이몇살이니
너 몇 살이니,나이몇살이니
너 몇 살인지 궁금해,나이몇살이니
너 스무 살이냐,나이몇살이니
너 스무 살이니,나이몇살이니
너 여덟 살이야,나이몇살이니
너 열 두 살이냐,나이몇살이니
너 열 살이니,나이몇살이니
너 열 한 살이냐,나이몇살이니
너 일곱 살이니,나이몇살이니
네 나이,나이몇살이니
두 살이니,나이몇살이니
몇 살,나이몇살이니
몇 살이니,나이몇살이니
몇 살이야,나이몇살이니
언제 태어났냐니까,나이몇살이니
여섯 살이야,나이몇살이니
연배 어떻게 돼,나이몇살이니
연배 어떻게 되세요,나이몇살이니
태어난 지 얼마나 됐어,나이몇살이니
태어난 지 얼마나 됐니,나이몇살이니
감기 걸렸어,병에걸렸어
감기 걸렸다,병에걸렸어
코 감기 걸림,병에걸렸어
감기 걸렸네,병에걸렸어
장염 걸렸어,병에걸렸어
배탈 났어,병에걸렸어
독감 걸렸네,병에걸렸어
독감 걸렸지,병에걸렸어
독감에 걸리고 말았어,병에걸렸어
목감기 걸렸지,병에걸렸어
중이염 걸렸어,병에걸렸어
맹잠염 걸렸네,병에걸렸어
중이염 걸리고 말았지,병에걸렸어
간암 걸렸어,병에걸렸어
심각한 장염 걸렸어,병에걸렸어
심각한 비염 났어,병에걸렸어
독감 비염 걸렸네,병에걸렸어
비염 걸렸지,병에걸렸어
독감에 걸리고 말았어,병에걸렸어
목감기 걸렸지,병에걸렸어
중이염 걸렸어,병에걸렸어
골절 걸리고 말았지,병에걸렸어
식도염 걸렸어,병에걸렸어
골절 당했어,병에걸렸어
좋을대로,상관없어
난 전혀 상관없어,상관없어
아무거나 상관없어,상관없어
신경 안 써,상관없어
아무거나,상관없어
상관없어,상관없어
전혀 상관없어,상관없어
뭐든지 좋아,상관없어
몰라,상관없어
이름 뭐야,이름뭐니
이름 뭔데,이름뭐니
이름 말해줘,이름뭐니
이름 알려줘,이름뭐니
이름 말해줄래,이름뭐니
이름,이름뭐니
너 이름이 뭐야,이름뭐니
너 이름 뭐냐,이름뭐니
넌 혹시 이름이 뭐냐,이름뭐니
넌 이름 뭔데,이름뭐니
너 이름 뭐라고,이름뭐니
네 이름 뭐라고,이름뭐니
혹시 이름 뭐라고,이름뭐니
혹시 이름,이름
혹시 이름 뭐냐,이름
혹시 너 이름이 뭐냐,이름
이름 알려줘,이름
이름 말해줄래,이름
네 이름 알려줘,이름
네 이름 말해줄래,이름
너 이름 알려줘,이름
너 이름 말해줄래,이름
너 이름 뭐니,이름
너 이름 뭐야,이름
네 이름 뭐니,이름
네 이름 뭐야,이름
우와,감탄
우와 진짜,감탄
와우 정말이니,감탄
와,감탄
와 와우,감탄
와우,감탄
대박,감탄
와우 대박,감탄
헐 완전 대박,감탄
완전 쩔어,감탄
개 쩌네,감탄
진짜 쩐다,감탄
와 대박 엄청나,감탄
스고이,감탄
스고이데스네,감탄
와 엄청나다,감탄
대박이다,감탄
진심 대박,감탄
진짜 대박이다,감탄
엄청나네,감탄
엄청나,감탄
이런 엄청나,감탄
반가워,반가움
반갑다,반가움
진짜 반가워,반가움
안녕 반가워,반가움
너무 반갑다,반가움
정말 반갑네,반가움
아 반가워,반가움
반가웠어,반가움
반가웠네,반가움
반가웠다고,반가움
진짜 반갑네,반가움
반가웠네,반가움
엄청 반갑다,반가움
는데 반갑더라고,반가움
반갑던데,반가움
잘 잤니,아침인사
잘 잤냐,아침인사
좋은 아침,아침인사
아침 잘 잤니,아침인사
잘 잤는지,아침인사
잠 잘 잤어,아침인사
잘 잤는가,아침인사
어제 잘 잤니,아침인사
어제 잘 잤냐,아침인사
좋은 아침 잘 잤니,아침인사
아침 잘 잤니,아침인사
아침 잘 잤는지,아침인사
어제 잠 잘 잤어,아침인사
잘 잤는가,아침인사
잘 지냈니,안부
잘 지냈어,안부
너 요즘 어떻게,안부
요즘 어때,안부
어떻게 지냈니,안부
어떻게 지내고 있어,안부
요즘 좋니,안부
요즘 어때 좀,안부
요즘 좀 어땠어,안부
요즘 좀 어떠니,안부
요즘 어땠어,안부
요즘 잘 지냈니,안부
안부,안부
요즘 안부,안부
근래 안부 어때,안부
요 근래 어땠어,안부
요 근래 잘 지냈니,안부
근황,안부
요즘 근황 어땠어,안부
요즘 근황,안부
안녕,인사
안녕,인사
안녕,인사
안녕,인사
안녕,인사
안녕하세요,인사
안녕하세요,인사
안녕하세요,인사
안녕하세요,인사
안녕하세요,인사
안녕하세요,인사
안녕해,인사
안녕하네,인사
안녕하구나,인사
하이,인사
하이루,인사
하이하이,인사
하이하이,인사
인사,인사
인사해,인사
인사하래,인사
인사하라고,인사
헬로,인사
헬로우,인사
헬로헬로,인사
헬로우헬로우,인사
헬로우 안녕,인사
하이 헬로우 안녕,인사
헬로우 하이 반가워,인사
안녕 반가워,인사
안녕 안녕 반갑네,인사
하이 반갑다,인사
좋은 저녁,저녁인사
좋은 밤,저녁인사
잘 자,취침인사
이제 잘 거야,취침인사
곧 자야지,취침인사
이제 자야해,취침인사
잘 거야,취침인사
잘 자렴,취침인사
너도 잘 자,취침인사
진짜 잘 자,취침인사
야,호출
야,호출
야,호출
야,호출
야,호출
야,호출
야,호출
야,호출
어이,호출
야 야,호출
부르잖아,호출
야 야,호출
헤이,호출
바오야,호출
바오야 야,호출
어이 바오,호출
저기,호출
저기 야,호출
야 바오야,호출
저기 어이,호출
야야 야,호출
야야야,호출
야야야야,호출
야야야야야,호출
야야 야,호출
야야야,호출
야야야야,호출
야야야야야,호출
그래 불렀어,호출
방금 부르잖아,호출
내 불렀다,호출
야,호출
야,호출
야,호출
야,호출
야,호출
야,호출
야,호출
야,호출
어이,호출
야 야,호출
부르잖아,호출
야 야,호출
헤이,호출
바오야,호출
바오야 야,호출
어이 바오,호출
저기,호출
저기 야,호출
야 바오야,호출
저기 어이,호출
야야 야,호출
야야야,호출
야야야야,호출
야야야야야,호출
야야 야,호출
야야야,호출
야야야야,호출
야야야야야,호출
