먼지,날씨to먼지
먼지도,날씨to먼지
먼지도 알려주겠니,날씨to먼지
미세먼지 어때,날씨to먼지
먼지 좀 어때,날씨to먼지
먼지도,날씨to먼지
먼지도 알려주겠니,날씨to먼지
먼지 어때,날씨to먼지
먼지,날씨to먼지
미세먼지,날씨to먼지
미세먼지 알려주겠니,날씨to먼지
먼지 어때,날씨to먼지
먼지,날씨to먼지
미세먼지도,날씨to먼지
먼지도 알려주겠니,날씨to먼지
먼지 어때,날씨to먼지
미세먼지 좀 어때,날씨to먼지
미세먼지도,날씨to먼지
먼지도 알려주겠니,날씨to먼지
먼지 어때,날씨to먼지
먼지,날씨to먼지
미세먼지,날씨to먼지
먼지 알려주겠니,날씨to먼지
미세먼지 어때,날씨to먼지
먼지,날씨to먼지
미세먼지도,날씨to먼지
먼지도 알려주겠니,날씨to먼지
먼지 어때,날씨to먼지
먼지 좀 어때,날씨to먼지
미세먼지도,날씨to먼지
먼지도 알려주겠니,날씨to먼지
미세먼지 어때,날씨to먼지
먼지,날씨to먼지
미세먼지,날씨to먼지
먼지 알려주겠니,날씨to먼지
먼지 어때,날씨to먼지
먼지,날씨to먼지
미세먼지도,날씨to먼지
먼지도 알려주겠니,날씨to먼지
미세먼지 어때,날씨to먼지
먼지 좀 어때,날씨to먼지
미세먼지도,날씨to먼지
먼지도 알려주겠니,날씨to먼지
미세먼지 어때,날씨to먼지
먼지,날씨to먼지
미세먼지,날씨to먼지
먼지 알려주겠니,날씨to먼지
미세먼지 어때,날씨to먼지
