날씨,먼지to날씨
날씨도,먼지to날씨
날씨도 알려주겠니,먼지to날씨
날씨 어때,먼지to날씨
날씨 좀 어때,먼지to날씨
날씨도,먼지to날씨
날씨도 알려주겠니,먼지to날씨
날씨 어때,먼지to날씨
날씨,먼지to날씨
날씨,먼지to날씨
날씨 알려주겠니,먼지to날씨
날씨 어때,먼지to날씨
날씨,먼지to날씨
날씨도,먼지to날씨
날씨도 알려주겠니,먼지to날씨
날씨 어때,먼지to날씨
날씨 좀 어때,먼지to날씨
날씨도,먼지to날씨
날씨도 알려주겠니,먼지to날씨
날씨 어때,먼지to날씨
날씨,먼지to날씨
날씨,먼지to날씨
날씨 알려주겠니,먼지to날씨
날씨 어때,먼지to날씨
날씨,먼지to날씨
날씨도,먼지to날씨
날씨도 알려주겠니,먼지to날씨
날씨 어때,먼지to날씨
날씨 좀 어때,먼지to날씨
날씨도,먼지to날씨
날씨도 알려주겠니,먼지to날씨
날씨 어때,먼지to날씨
날씨,먼지to날씨
날씨,먼지to날씨
날씨 알려주겠니,먼지to날씨
날씨 어때,먼지to날씨
날씨,먼지to날씨
날씨도,먼지to날씨
날씨도 알려주겠니,먼지to날씨
날씨 어때,먼지to날씨
날씨 좀 어때,먼지to날씨
날씨도,먼지to날씨
날씨도 알려주겠니,먼지to날씨
날씨 어때,먼지to날씨
날씨,먼지to날씨
날씨,먼지to날씨
날씨 알려주겠니,먼지to날씨
날씨 어때,먼지to날씨
