쿠키,간식
과자,간식
감자 칩,간식
갑자칩,간식
꼬깔콘,간식
포테이토 칩,간식
과자 정말,간식
세상에서 과자 제일,간식
초코송이,간식
양파링 과자,간식
샌드위치,간식
시원한 아이스크림,간식
베스킨라빈스,간식
달콤한 아이스크림,간식
아이스크림,간식
초콜릿,간식
초콜릿 진짜,간식
아 초콜릿,간식
초콜릿 만큼,간식
와 초콜릿,간식
맛 좋은 초콜릿,간식
혹시 초콜릿,간식
처음 초콜릿,간식
그렇게 생긴 초콜릿,간식
초콜릿 맛,간식
초콜릿 제일,간식
내 초콜릿,간식
너 초콜릿,간식
초콜릿 그런 맛인지,간식
무슨 그런 초콜릿,간식
아까 초콜릿,간식
나 처음 초콜릿,간식
너 초콜릿,간식
나는 그런 초콜릿,간식
달달한 초콜릿,간식
와 초콜릿,간식
가나 초콜릿,간식
미니쉘 초콜릿,간식
허쉬 초콜릿,간식
크런치초콜릿,간식
크런치 초콜릿,간식
키세스초콜릿,간식
키세스 초콜릿,간식
킷캣 초콜릿,간식
킷캣초콜릿,간식
미니 초콜릿,간식
화이트초콜릿,간식
다크초콜릿,간식
화이트 초콜릿,간식
다크 초콜릿,간식
맛 달달한 초콜릿,간식
