수제 돈가스,음식
치즈 돈가스,음식
음식,음식
돈가스,음식
순대,음식
덮밥,음식
볶음밥,음식
저 음식,음식
그런 음식,음식
김밥,음식
샐러드 ,음식
빵,음식
식빵,음식
마카롱,음식
달달한 마카롱,음식
맛 좋은 음식,음식
달콤한 마카롱,음식
소시지,음식
짭잘한 소시지,음식
어제 소시지,음식
샤브샤브,음식
월남쌈,음식
곱창,음식
족발,음식
파스타,음식
로제 파스타,음식
크림 파스타,음식
치즈 곱창,음식
규동,음식
가츠동,음식
해장국,음식
꼬치,음식
닭 꼬치,음식
양 꼬치,음식

동두천 양고치집  추천해줘,음식
평택 닭꼬치 알려줘,음식
포항 양고치 추천해줘,음식
울진 치킨 ,음식
의왕 누룽지  알려줘,음식
보령 피자집 추천해줘,음식
고성 피자 추천해줘,음식
진안 연어 알려줘,음식
 광어  추천해줘,음식
서울 제육볶음 ,음식
양주 초밥집 추천해줘,음식
진도 초밥 추천해줘,음식
진해 육회  ,음식
안산 라면집 추천해줘,음식
안양 국밥집 추천해줘,음식
화성 냉면집  추천해줘,음식
경주 우동집 ,음식
이천 닭갈비 추천해줘,음식
여주 갈비 추천해줘,음식
일산 돼지고기  ,음식
안성 돼지 갈비 추천해줘,음식
울산 찜닭 추천해줘,음식
아산 분식집 추천해줘,음식
아산 김밥집  ,음식
아산 분식 추천해줘,음식
경주 자장면 추천해줘,음식
아산 짬뽕 ,음식
아산 탕수육  추천해줘,음식
아산 팔보채 추천해줘,음식
아산 깐풍기 추천해줘,음식
아산 중국집  ,음식
아산 중국 음식 추천해줘,음식
아산 국수  ,음식
경주 잔치국수 추천해줘,음식
아산 비빔국수 추천해줘,음식
아산 냉면  추천해줘,음식
동두천 쫄면 추천해줘,음식
아산 비빔냉면 ,음식
아산 감자탕 추천해줘,음식
포항 홍어 추천해줘,음식
천안 오징어  ,음식
경주 짜글이 추천해줘,음식
동두천 파전 추천해줘,음식
아산 육전  ,음식
포항 뼈해장국 추천해줘,음식
천안 김치찜 추천해줘,음식
아산 알밥  ,음식
순창 뚝배기 추천해줘,음식
아산 새우튀김  추천해줘,음식
경주 햄버거 ,음식
천안 새우 추천해줘,음식
송천동 수제버거  추천해줘,음식
포항 수제 버거 추천해줘,음식
아산 튀김 ,음식
포항 쌀국수  추천해줘,음식
천안 죽집 추천해줘,음식
아산 쌀국수 ,음식
천안 아이스크림 추천해줘,음식
천안 음료수 ,음식
당진 횟집 추천해줘,음식
상주 호두과자 추천해줘,음식
성주  ,음식
천안 왕갈비  ,음식