기분 좋아,기분좋음
기분 좋네,기분좋음
나 진짜 기분 좋아,기분좋음
정말 기분 좋다,기분좋음
기분 좋네,기분좋음
기분 좋거든,기분좋음
기분 좋아,기분좋음
기분 좋네,기분좋음
진짜 기분 좋아서,기분좋음
나 기분 좋네,기분좋음
내 기분 너무 좋아,기분좋음
기분 최고 좋아,기분좋음
너무 기분 좋다,기분좋음
최고 기분 좋네,기분좋음
정말 기분 너무 좋거든,기분좋음
진짜 기분 최고,기분좋음
기분 최고,기분좋음
기분 상당히 좋아,기분좋음
기분 진심 좋아,기분좋음
기분 완전 좋네,기분좋음
기분 완전 좋아서,기분좋음
기분 짱 좋아,기분좋음
기분 완전 짱이야,기분좋음
기분 상당히 좋아,기분좋음
기분 정말 좋네,기분좋음
기분 진심 좋거든,기분좋음
기분 좋거든,기분좋음
너무 기분 좋아서 그랬어,기분좋음
기분 너무 좋으니까,기분좋음
기분 좋으니까,기분좋음
기분 좋지 당연히,기분좋음
당연히 기분 좋지,기분좋음
정말 기분 너무 좋다,기분좋음
기모찌,기분좋음
해피,기분좋음
happy,기분좋음
해피 해피,기분좋음
너무 기모찌 하네,기분좋음
기모찌하다,기분좋음
해피해피,기분좋음
기분 너무 해피,기분좋음
정말 해피 해피,기분좋음
정말 최고 해피한 기분,기분좋음
진심 너무 좋다 기분,기분좋음
너무 좋은데 기분,기분좋음
이렇게 기분 좋다니,기분좋음
이렇게나 기분 좋을줄,기분좋음
정말 최고 좋은데 기분,기분좋음
진심 너무 좋다 기분,기분좋음
진짜 좋음 기분,기분좋음
기분 진심 좋음,기분좋음
진짜 좋음 기분,기분좋음
기분 정말 좋음,기분좋음
나 정말 좋음 기분,기분좋음
기분 나 진심 좋음,기분좋음