사건 전해줘,뉴스목적
뉴스 알려줘,뉴스목적
뉴스 알려줄래,뉴스목적
소식 전해줘,뉴스목적
뉴스 전해줘,뉴스목적
뉴스 들려줘,뉴스목적
기사 전해줘,뉴스목적
신문 전해줘,뉴스목적
기사 알려줘,뉴스목적
신문 알려줄래,뉴스목적
기사 들려줘,뉴스목적
뉴스 ,뉴스목적
최근 뉴스 들려줘,뉴스목적
속보 뉴스 알려줘,뉴스목적
주요 뉴스 알려줘,뉴스목적
핫한 뉴스 알려줄래,뉴스목적
요즘 소식 전해줘,뉴스목적
최근 뉴스 전해줘,뉴스목적
뉴스,뉴스목적
뉴스 뭐니,뉴스목적
뉴스 나왔니,뉴스목적
뉴스 나왔었니,뉴스목적
티비 나왔니,뉴스목적
불법 뉴스,뉴스목적
나온 뉴스 알려줘,뉴스목적
나온 신문 읽어줘,뉴스목적
신문 읽어즐래,뉴스목적
나온 뉴스 들려줘,뉴스목적
나온 기사 읽어줄래,뉴스목적
나왔던 기사 읽어줘,뉴스목적
사건 알려줄래,뉴스목적
뉴스에서 뭐라고 했니,뉴스목적
사건 알려주라,뉴스목적
나온 뉴스,뉴스목적
사건 들려줘,뉴스목적
사건 알려줘,뉴스목적
사건 뉴스 알려줘,뉴스목적
사건 뉴스,뉴스목적
사건 뉴스 알려줄래,뉴스목적
누군지 알려줘,뉴스목적
사건 무슨 들려줘,뉴스목적
사건 무슨 전해줘,뉴스목적
사건 무슨 사건인지,뉴스목적
살인 사건 무슨,뉴스목적
사건 무슨 일있니,뉴스목적
가사 신문 읽어줘,뉴스목적
단독 뉴스 전해줘,뉴스목적
특보 뉴스 전해줘,뉴스목적
특종 뉴스 전해줘,뉴스목적
연예 뉴스 전해줘,뉴스목적
아이티 뉴스 전해줘,뉴스목적
정치 뉴스 전해줘,뉴스목적
주요 뉴스 들려줘,뉴스목적
정치 기사 전해줘,뉴스목적
단독 신문 전해줘,뉴스목적
주요 기사 알려줘,뉴스목적
핫한 신문 알려줄래,뉴스목적
요즘 기사 전해줘,뉴스목적
최근 신문 전해줘,뉴스목적
주요 기사 들려줘,뉴스목적
사건 전해줘요,뉴스목적
뉴스 알려줘요,뉴스목적
뉴스 알려줄래요,뉴스목적
소식 전해줘요,뉴스목적
뉴스 전해줘요,뉴스목적
뉴스 들려줘요,뉴스목적
기사 전해줘요,뉴스목적
신문 전해줘요,뉴스목적
기사 알려줘요,뉴스목적
신문 알려줄래요,뉴스목적
기사 들려줘요,뉴스목적
뉴스 요,뉴스목적
최근 뉴스 들려줘요,뉴스목적
속보 뉴스 알려줘요,뉴스목적
주요 뉴스 알려줘요,뉴스목적
핫한 뉴스 알려줄래요,뉴스목적
요즘 소식 전해줘요,뉴스목적
최근 뉴스 전해줘요,뉴스목적
뉴스요,뉴스목적
뉴스 뭐니요,뉴스목적
뉴스 나왔니요,뉴스목적
뉴스 나왔었니요,뉴스목적
티비 나왔니요,뉴스목적
불법 뉴스요,뉴스목적
나온 뉴스 알려줘요,뉴스목적
나온 신문 읽어줘요,뉴스목적
신문 읽어즐래요,뉴스목적
나온 뉴스 들려줘요,뉴스목적
나온 기사 읽어줄래요,뉴스목적
나왔던 기사 읽어줘요,뉴스목적
사건 알려줄래요,뉴스목적
뉴스에서 뭐라고 했니요,뉴스목적
사건 알려주세요,뉴스목적
나온 뉴스요,뉴스목적
사건 들려줘요,뉴스목적
사건 알려줘요,뉴스목적
사건 뉴스 알려줘요,뉴스목적
사건 뉴스요,뉴스목적
사건 뉴스 알려줄래요,뉴스목적
누군지 알려줘요,뉴스목적
사건 무슨 들려줘요,뉴스목적
사건 무슨 전해줘요,뉴스목적
사건 무슨 사건인지요,뉴스목적
살인 사건 무슨요,뉴스목적
사건 무슨 일있니요,뉴스목적
가사 신문 읽어줘요,뉴스목적
단독 뉴스 전해줘요,뉴스목적
특보 뉴스 전해줘요,뉴스목적
특종 뉴스 전해줘요,뉴스목적
연예 뉴스 전해줘요,뉴스목적
아이티 뉴스 전해줘요,뉴스목적
정치 뉴스 전해줘요,뉴스목적
주요 뉴스 들려줘요,뉴스목적
정치 기사 전해줘요,뉴스목적
단독 신문 전해줘요,뉴스목적
주요 기사 알려줘요,뉴스목적
핫한 신문 알려줄래요,뉴스목적
요즘 기사 전해줘요,뉴스목적
최근 신문 전해줘요,뉴스목적
주요 기사 들려줘요,뉴스목적
사건 무슨 들려주세요,뉴스목적
사건 무슨 전해주세요,뉴스목적
사건 무슨 사건인지요,뉴스목적
살인 사건 무슨요,뉴스목적
사건 무슨 일있니요,뉴스목적
가사 신문 읽어주세요,뉴스목적
단독 뉴스 전해주세요,뉴스목적
특보 뉴스 전해주세요,뉴스목적
특종 뉴스 전해주세요,뉴스목적
연예 뉴스 전해주세요,뉴스목적
아이티 뉴스 전해주세요,뉴스목적
정치 뉴스 전해주세요,뉴스목적
주요 뉴스 들려주세요,뉴스목적
정치 기사 전해주세요,뉴스목적
단독 신문 전해주세요,뉴스목적
주요 기사 알려주세요,뉴스목적
핫한 신문 알려줄래요,뉴스목적
요즘 기사 전해주세요,뉴스목적
최근 신문 전해주세요,뉴스목적
주요 기사 들려주세요,뉴스목적

