로또번호 알려줘,위키
알려줄래,위키
알려주라,위키
알려주세요,위키
알려주실까요,위키
알려줘,위키
궁금해,위키
궁금하군,위키
궁금하네,위키
궁금하구만,위키
궁금해요,위키
궁금해 죽겠어요,위키
윤동주 누구야,위키
박미선 궁금해,위키
문재인 궁금해,위키
노라조 궁금해,위키
전라북도 뭐야,위키
컴퓨터에 대해서 알려줘,위키
에이핑크 누군지 궁금해,위키
아이오아이 누구야,위키
냉장고 뭐야,위키
최순실 누구야,위키
짬뽕 뭐야,위키
어벤져스 뭐야,위키
네이버 뭐야,위키
오징어 뭐야,위키
바지에 대해서 알려줘,위키
역사 뭐야,위키
의자 뭔지 알아,위키
가방 뭔지 궁금해,위키
이건희 누군지 궁금해,위키
시라소니 누군지 알아,위키
김두한 뭔지 궁금해,위키
개그콘서트 뭐야,위키
노래방 뭔지 알아,위키
네 대게 맛을 알아,위키
오란씨 뭐야,위키
스파게티에 대해서 알려줘,위키
너 전구에 대해서 알고 있니,위키
포켓몬 뭐야,위키
색연필 뭐야,위키
소크라테스 누구야,위키
호랑이 뭐야,위키
사과 뭐야,위키
윤보미 나 뜻 알려줘,위키
박신양 뜻 알려줘,위키
박미래 대표작 뜻 알려줘,위키
김태희 남편 뜻 알려줘,위키
전현무 대표작 궁금해,위키
김태희 대표작 뜻 알려줘,위키
박신양 와이프 누구야,위키
한국 대통령 뜻 알려줘,위키
UN 사무총장 뜻 알려줘,위키
박미선 키 뜻 알려줘,위키
윤동주 뜻 알려줘,위키
오지헌 뜻 알려줘,위키
유상무 뜻 알려줘,위키
김종국 뜻 알려줘,위키
유재석 무슨 뜻,위키
오징어 무슨 뜻,위키
물고가에 대해서 무슨 뜻,위키
십자군에 대해서 무슨 뜻,위키
관절 무슨 뜻,위키
이상미 누군지 무슨 뜻,위키
박테리아 뭔지 무슨 뜻,위키
수란 무슨 뜻,위키
학교 무슨 뜻,위키
그레이 무슨 뜻,위키
헤이즈 무슨 뜻,위키
모자 무슨 뜻,위키
전등에 대해서 무슨 뜻,위키
테슬라에 대해서 무슨 뜻,위키
너 육지 무슨 뜻이야,위키
물고기에 대해서 무슨 뜻,위키
김수경 누구니,위키
이진성 나 알려줘,위키
박나래 누굴까,위키
김희철 누구지,위키
김태희 누구니,위키
인생 뭘까,위키
윤보미 나 알려줘,위키
박신양 몇살이야,위키
박신양 나 궁금해,위키
박미래 대표작 궁금해,위키
김태희 남편 누구야,위키
김태희 대표작 궁금해,위키
김수성 나이 몇살이야,위키
박미선 키 알려주라,위키
오지헌 궁금해,위키
김종국 궁금해,위키
유재석 누구야,위키
유병재 누구야,위키
탕수육 뭐야,위키
물고가에 대해서 알려줘,위키
십자군에 대해서 알려줘,위키
관절 뭐야,위키
수란 누구야,위키
학교 뭐야,위키
그레이 누구야,위키
모자 뭐야,위키
필통 뭐야,위키
전등에 대해서 알려줘,위키
테슬라에 대해서 알려줘,위키
사랑 뭐야,위키
너 설탕 뭔지 알아,위키
소금 뭔지 알아,위키
밀너 뭔지 알아,위키
너 제라드 뭔지 알아,위키
콤파니 뭔지 알아,위키
너 역지사지 뭔지 알아,위키
오매불망 뭔지 알아,위키
너 다다익선 뭔지 알아,위키
길항 뭔지 알아,위키
너 반포지교 뭔지 알아,위키
만두 뭔지 알아,위키
너 국수 뭔지 알아,위키
가방 무슨 뜻이야,위키
공장장 무슨 뜻이야,위키
동생 뭐야,위키
라면 뭐야,위키
루아르 뭐야,위키
강아지 뭐야,위키
통장 뭐야,위키
종이 뭐야,위키
밥통 뭐야,위키
망상 뭐야,위키
간장 뭐야,위키
화장 뭔지 알아,위키
스터리지 누군지 알아,위키
메시 뭔지 궁금해,위키
엘클라시코 뭐야,위키
레알마드리드 뭐야,위키
호나우두 누구,위키
골대 뭔지 알아,위키
네 자장면 맛을 알아,위키
녹차 뭐니,위키
미란다 뭐야,위키
너 백열등에 대해서 알고 있니,위키
독일 뭔지 알아,위키
라틴 뭔지 알아,위키
불고기 뭔지 알아,위키
봉지 뭐야,위키
간사이 뭐야,위키
오사카 뭐야,위키
중국 칭따오 뭐야,위키
맥주 뭐야,위키
돼지고기 뭐야,위키
안영미 몸무게 알려줘,위키
세상에서 가장 높 탑 뭐니,위키
한국의 명소 알려줘,위키
조여정의 대표작 뭐니,위키
정우성의 대표작 뭐니,위키
비와이 누구야,위키
해시스완 누구야,위키
행주 누구야,위키
피아노맨 누구야,위키
이센스 누구야,위키
넉살 누구야,위키
베이즈 누구야,위키
모기 뭐야,위키
필수 뭐야,위키
천둥에 대해서 알려줘,위키
메이웨더에 대해서 알려줘,위키
증인 뭔지 알아,위키
라면 뭔지 궁금해,위키
정몽주 누군지 궁금해,위키
정준영 누군지 알아,위키
승리 누군지 궁금해,위키
웃찾사 뭐야,위키
정전기 뭐야,위키
네 치킨 맛을 알아,위키
나초 뭐야,위키
커피 뭐니,위키
도깨비에 대해서 알려줘,위키
너 호롱불에 대해서 알고 있니,위키
중국 뭔지 알아,위키