뭐 먹을까,맛집
서울 맛집 추천해줘,맛집
맛난 음식 추천해주라,맛집
충주 맛집 추천해줘,맛집
맛있는 음식 추천해주라,맛집
부산 맛집 추천해줘,맛집
김치 맛집 추천해줘,맛집
라면 음식 추천해주라,맛집
고기 음식 추천해줘,맛집
이런 음식 추천해줘,맛집
먹을 맛집 추천해주라,맛집
서울 맛집 알려줘,맛집
맛난 음식 알려주라,맛집
충주 맛집 알려줘,맛집
맛있는 음식 알려주라,맛집
부산 맛집 알려줘,맛집
김치 음식 알려줘,맛집
라면 음식 알려줘,맛집
고기 음식 알려주라,맛집
이런 음식 알려줘,맛집
먹을 음식 알려주라,맛집
대전 피자 맛집 어디 있니,맛집
맛집 어디 있지,맛집
떡갈비집 어디 맛있어,맛집
어디 맛있어,맛집
어디 맛있니,맛집
어디 맛있니,맛집
군산 맛집 어디야,맛집
거기 맛집 어디야,맛집
전주 맛집 어디야,맛집
서울 맛집 어디야,맛집
부산 맛집 어디야,맛집
광명 맛집 어디야,맛집
산천 맛집 어디야,맛집
대전 맛있는 음식점 알려줘,맛집
마포구 맛집 어디야,맛집
구로구 음식점 추천 좀,맛집
맛있는 음식점 알려줘,맛집
마포구 맛집 어디야,맛집
음식점 추천 좀,맛집
맛있는 음식점 알려줘,맛집
마포구 맛집 어디야,맛집
음식점 추천 좀 해줘,맛집
