네이버,기업
구글,기업
야후,기업
다음,기업
네이트,기업
페이스북,기업
네이버 사이트,기업
구글 사이트,기업
야후 사이트,기업
다음 사이트,기업
네이트 사이트,기업
페이스북 사이트,기업
삼성,기업
현대,기업
씨제이,기업
CJ,기업
신세계,기업
현대 자동차,기업
LG,기업
NHN,기업
엘지,기업
엘쥐,기업
에스케이,기업
SK,기업
롯데,기업
한화,기업
금호,기업
포스코,기업
GS,기업
지에스,기업
쥐에스,기업
농협,기업
케이티,기업
KT,기업
미래에셋,기업
대우,기업
KCC,기업
케이씨씨,기업
애플,기업
마이크로소프트,기업
아마존,기업
알리바바,기업
텐센트,기업
모건,기업
아디다스,기업
보잉,기업
버버리,기업
아모레퍼시픽,기업
이마트,기업
GM,기업
나이키,기업
알리바바,기업
인텔,기업
트위터,기업
화웨이,기업
샤오미,기업
웨이보,기업
폭스콘,기업
카카오,기업
도요타,기업
폭스바겐,기업
벤츠,기업
BMW,기업
비엠더블유,기업
혼다,기업
포드,기업
아우디,기업
롤스로이스,기업
넷플릭스,기업
