권지용 누구니,인물
누구니 박미선,인물
누구라고 그 게,인물
누굴까 김지원,인물
윤동주 누구야,인물
하석주 누구야,인물
누구야 김동주,인물
김철수 누군데,인물
박근혜 누구야,인물
에이핑크 누군지 궁금해,인물
걸스데 누군지 궁금해,인물
이병철 누군지 궁금해,인물
기요틴 뭔지 궁금해,인물
아이오아 누구야,인물
이영실 누구야,인물
최순실 누구라고,인물
이건희 누군지 궁금해,인물
시라소니 누군지 알아,인물
누구야 소크라테스,인물
박나래 누군데,인물
최태훈 누구니,인물
박미래 누군지 알고있니,인물
김희철 누구지,인물
김태희 누구니,인물
누구니 김수경,인물
이상미 누군지 궁금해,인물
김근영 누군지 궁금해,인물
그레 누군데,인물
헤이즈 누구야,인물
수란 누구야,인물
최영민 누군지 궁금해,인물
박신양 와이프 누구야,인물
미국 대통령 누구야,인물
유재석 누굴까,인물
누굴까 이육사,인물
강호동 누굴까,인물
유병재 누굴까,인물
비와 누굴까,인물
해시스완 누군데,인물
누구냐 행주,인물
누구라고 피아노맨,인물
이센스 누구냐,인물
에미넴 누구냐,인물
넉살 누구냐,인물
베이즈 누구냐,인물
정몽주 누군지 궁금해,인물
정준영 누군지 알아,인물
승리 누군지 궁금해,인물
제라드 누군지 궁금해,인물
스터리지 누구라고 알아,인물
호나우두 누구,인물
한국 대통령 누구죠,인물
UN 사무총장 누구죠,인물
누구죠 김태희 남편,인물
박신양 와이프 누구죠,인물
미국 대통령 누구라고,인물
윤동주 누구야,인물
유재석 누구야,인물
이육사 누구야,인물
강호동 누구야,인물
유병재 누구야,인물
비와 누구야,인물
해시스완 누구야,인물
행주 누구야,인물
피아노맨 누구야,인물
이센스 누구야,인물
에미넴 누구야,인물
넉살 누구야,인물
베이즈 누구야,인물
정몽주 누군지 궁금해,인물
정준영 누군지 알아,인물
승리 누군지 궁금해,인물
소크라테스 누구야,인물
최태훈 누구니,인물
박미래 누군지 알고있니,인물
김희철 누구지,인물
박미선 누구야,인물
김태희 누구니,인물
김수성 누구니,인물
김태희 남편 누구야,인물
박신양 와이프 누구야,인물
미국 대통령 누구야,인물
한국 대통령 누구야,인물
UN 사무총장 누구야,인물
제라드 누군지 궁금해,인물
스터리지 누군지 알아,인물
호나우두 누구,인물
김수경 누구니,인물
박나래 누굴까,인물
이상미 누군지 궁금해,인물
김근영 누군지 궁금해,인물
최영민 누군지 궁금해,인물
그레 누구야,인물
헤이즈 누구야,인물
수란 누구야,인물
권지용 누구죠,인물
누구라고 그 게요,인물
누굴까 김지원요,인물
윤동주 누구인가요,인물
하석주 누구인가요,인물
누구야 김동주요,인물
김철수 누군데요,인물
박근혜 누구인가요,인물
에이핑크 누군지 궁금해요,인물
걸스데 누군지 궁금해요,인물
이병철 누군지 궁금해요,인물
기요틴 뭔지 궁금해요,인물
아이오아 누구인가요,인물
이영실 누구인가요,인물
최순실 누구라고요,인물
이건희 누군지 궁금해요,인물
시라소니 누군지 알아요,인물
누구야 소크라테스요,인물
박나래 누군데요,인물
최태훈 누구죠,인물
박미래 누군지 알고있죠,인물
김희철 누구지요,인물
김태희 누구죠,인물
누구니 김수경요,인물
이상미 누군지 궁금해요,인물
김근영 누군지 궁금해요,인물
그레 누군데요,인물
헤이즈 누구인가요,인물
수란 누구인가요,인물
최영민 누군지 궁금해요,인물
박신양 와이프 누구인가요,인물
미국 대통령 누구인가요,인물
유재석 누굴까요,인물
누굴까 이육사요,인물
강호동 누굴까요,인물
유병재 누굴까요,인물
비와 누굴까요,인물
해시스완 누군데요,인물
누구냐 행주요,인물
누구라고 피아노맨요,인물
이센스 누구냐요,인물
에미넴 누구냐요,인물
넉살 누구냐요,인물
베이즈 누구냐요,인물
정몽주 누군지 궁금해요,인물
정준영 누군지 알아요,인물
승리 누군지 궁금해요,인물
제라드 누군지 궁금해요,인물
스터리지 누구라고 알아요,인물
호나우두 누구요,인물
한국 대통령 누구죠요,인물
UN 사무총장 누구죠요,인물
누구죠 김태희 남편요,인물
박신양 와이프 누구죠요,인물
미국 대통령 누구라고요,인물
윤동주 누구인가요,인물
유재석 누구인가요,인물
이육사 누구인가요,인물
강호동 누구인가요,인물
유병재 누구인가요,인물
비와 누구인가요,인물
해시스완 누구인가요,인물
행주 누구인가요,인물
피아노맨 누구인가요,인물
이센스 누구인가요,인물
에미넴 누구인가요,인물
넉살 누구인가요,인물
베이즈 누구인가요,인물
정몽주 누군지 궁금해요,인물
정준영 누군지 알아요,인물
승리 누군지 궁금해요,인물
소크라테스 누구인가요,인물
최태훈 누구죠,인물
박미래 누군지 알고있죠,인물
김희철 누구지요,인물
박미선 누구인가요,인물
김태희 누구죠,인물
김수성 누구죠,인물
김태희 남편 누구인가요,인물
박신양 와이프 누구에요,인물
미국 대통령 누구에요,인물
한국 대통령 누구에요,인물
UN 사무총장 누구에요,인물
제라드 누군지 궁금해요,인물
스터리지 누군지 알아요,인물
호나우두 누구요,인물
김수경 누구죠,인물
박나래 누굴까요,인물
이상미 누군지 궁금해요,인물
김근영 누군지 궁금해요,인물
최영민 누군지 궁금해요,인물
그레 누구에요,인물
헤이즈 누구에요,인물
수란 누구에요,인물