요즘 이슈 알려줘,이슈목적
요즘 사회적인 이슈 알려줘,이슈목적
최근 이슈 알려줘,이슈목적
정치적 이슈 알려줘,이슈목적
요즘 이슈 알려줘,이슈목적
요즘 사회적인 이슈 알려줘,이슈목적
최근 이슈 알려줘,이슈목적
요즘 무슨일이 있었니,이슈목적
요슴 있던일 알려줘,이슈목적
최근 있던일 알려줘,이슈목적
요즘 핫한게 뭐니,이슈목적
최근 핫했던것 알려줘,이슈목적
요즘 최신의 이슈가 뭐니,이슈목적
요즘 핫했던 이슈 알려줘,이슈목적
요즘 뜨는 일 알려줘,이슈목적
핫했던 거 알려줄래,이슈목적
요즘 주요 이슈 알려줘,이슈목적
이슈 어떤 게 있어,이슈목적
요즘 가장 화제가 됐던 거 알려줘,이슈목적
화제의 이슈 알려줘,이슈목적
화제의 사건 뭐 있니,이슈목적
요즘 화제의 사건 알려줘,이슈목적
이슈 알려주라,이슈목적
요즘 가장 유행하는게 뭐니,이슈목적
최근 가장 유행하는게 뭐니,이슈목적
요즘 뜨는게 뭐니,이슈목적
요즘 가장 뜨는게 뭐니,이슈목적
요즘 무슨일이 있었니,이슈목적
요슴 있던일 알려줘,이슈목적
최근 있던일 알려줘,이슈목적
요즘 핫한게 뭐니,이슈목적
최근 핫했던것 알려줘,이슈목적
요즘 최신의 이슈가 뭐니,이슈목적
요즘 핫했던 이슈 알려줘,이슈목적
요즘 뜨는 일 알려줘,이슈목적
핫했던 거 알려줄래,이슈목적
요즘 주요 이슈 알려줘,이슈목적
이슈 어떤 게 있어,이슈목적
요즘 가장 화제가 됐던 거 알려줘,이슈목적
화제의 이슈 알려줘,이슈목적
화제의 사건 뭐 있니,이슈목적
요즘 화제의 사건 알려줘,이슈목적
이슈 알려주라,이슈목적
요즘 가장 유행하는게 뭐니,이슈목적
최근 가장 유행하는게 뭐니,이슈목적
요즘 뜨는게 뭐니,이슈목적
요즘 가장 뜨는게 뭐니,이슈목적
